submitted_keyword,returned_keyword,grouped_submitted_keywords,close_variants,niche,niche_phrase,lane,intent_variant,average_monthly_searches,competition,competition_index,average_cpc_gbp,low_top_of_page_gbp,high_top_of_page_gbp,geography_method,observed_at
emergency plumber,emergency plumber,emergency plumber,,emergency_plumber,emergency plumber,urgent_trade,generic_uk,12100,MEDIUM,62,17.4814,4.1387,26.2653,generic_query_under_uk_target,2026-09-03
emergency plumber near me,emergency plumber near me,emergency plumber near me,,emergency_plumber,emergency plumber,urgent_trade,near_me_uk,9900,HIGH,79,14.9028,3.4794,25.2693,near_me_query_under_uk_target,2026-09-03
drain unblocking,drain unblocking,drain unblocking,,drain_unblocking,drain unblocking,urgent_trade,generic_uk,27100,HIGH,100,5.1900,2.6446,14.6754,generic_query_under_uk_target,2026-09-03
drain unblocking near me,drain unblocking near me,drain unblocking near me,,drain_unblocking,drain unblocking,urgent_trade,near_me_uk,6600,HIGH,85,11.3046,3.6033,22.8964,near_me_query_under_uk_target,2026-09-03
emergency locksmith,emergency locksmith,emergency locksmith,,emergency_locksmith,emergency locksmith,urgent_trade,generic_uk,4400,MEDIUM,66,26.2953,4.4624,20.1454,generic_query_under_uk_target,2026-09-03
emergency locksmith near me,emergency locksmith near me,emergency locksmith near me,,emergency_locksmith,emergency locksmith,urgent_trade,near_me_uk,4400,MEDIUM,61,27.1310,5.7274,25.1717,near_me_query_under_uk_target,2026-09-03
roof repair,roof repair,roof repair,,roof_repair,roof repair,planned_trade,generic_uk,6600,MEDIUM,58,5.2651,4.2847,15.8985,generic_query_under_uk_target,2026-09-03
roof repair near me,roof repair near me,roof repair near me,,roof_repair,roof repair,planned_trade,near_me_uk,9900,HIGH,85,5.5687,3.8935,14.6187,near_me_query_under_uk_target,2026-09-03
tree surgeon,tree surgeon,tree surgeon,,tree_surgeon,tree surgeon,planned_trade,generic_uk,9900,MEDIUM,50,2.5661,1.8122,6.2956,generic_query_under_uk_target,2026-09-03
tree surgeon near me,tree surgeon near me,tree surgeon near me,,tree_surgeon,tree surgeon,planned_trade,near_me_uk,14800,HIGH,76,2.7990,1.3779,5.3505,near_me_query_under_uk_target,2026-09-03
pest control,pest control,pest control,,pest_control,pest control,urgent_trade,generic_uk,22200,HIGH,75,3.5241,1.7492,5.9507,generic_query_under_uk_target,2026-09-03
pest control near me,pest control near me,pest control near me,,pest_control,pest control,urgent_trade,near_me_uk,18100,HIGH,79,3.7425,1.5198,5.8609,near_me_query_under_uk_target,2026-09-03
house clearance,house clearance,house clearance,,house_clearance,house clearance,planned_trade,generic_uk,5400,MEDIUM,60,3.9442,0.9593,3.8091,generic_query_under_uk_target,2026-09-03
house clearance near me,house clearance near me,house clearance near me,,house_clearance,house clearance,planned_trade,near_me_uk,5400,HIGH,70,3.5838,0.9538,3.7685,near_me_query_under_uk_target,2026-09-03
removal company,removal company,removal company,,removal_company,removal company,planned_trade,generic_uk,2400,HIGH,72,7.1862,5.1741,9.2800,generic_query_under_uk_target,2026-09-03
removal company near me,removal company near me,removal company near me,,removal_company,removal company,planned_trade,near_me_uk,2400,MEDIUM,67,7.5238,4.6753,8.9649,near_me_query_under_uk_target,2026-09-03
skip hire,skip hire,skip hire,,skip_hire,skip hire,planned_trade,generic_uk,60500,MEDIUM,66,1.8830,0.4448,2.3934,generic_query_under_uk_target,2026-09-03
skip hire near me,skip hire near me,skip hire near me,,skip_hire,skip hire,planned_trade,near_me_uk,40500,HIGH,71,2.0864,0.4546,2.4871,near_me_query_under_uk_target,2026-09-03
solar panel installers,solar panel installers,solar panel installers,,solar_panel_installers,solar panel installers,high_ticket_home,generic_uk,1000,MEDIUM,54,8.8512,5.6512,18.2591,generic_query_under_uk_target,2026-09-03
solar panel installers near me,solar panel installers near me,solar panel installers near me,,solar_panel_installers,solar panel installers,high_ticket_home,near_me_uk,2900,HIGH,70,9.0958,5.7553,19.0880,near_me_query_under_uk_target,2026-09-03
ev charger installation,ev charger installation,ev charger installation,,ev_charger_installation,ev charger installation,high_ticket_home,generic_uk,18100,HIGH,91,3.9125,1.3930,4.1457,generic_query_under_uk_target,2026-09-03
ev charger installation near me,ev charger installation near me,ev charger installation near me,,ev_charger_installation,ev charger installation,high_ticket_home,near_me_uk,3600,HIGH,71,3.4304,1.5212,4.7397,near_me_query_under_uk_target,2026-09-03
air conditioning installation,air conditioning installation,air conditioning installation,,air_conditioning_installation,air conditioning installation,high_ticket_home,generic_uk,14800,HIGH,77,1.4316,0.3850,1.8721,generic_query_under_uk_target,2026-09-03
air conditioning installation near me,air conditioning installation near me,air conditioning installation near me,,air_conditioning_installation,air conditioning installation,high_ticket_home,near_me_uk,8100,HIGH,75,1.4681,0.5200,2.4538,near_me_query_under_uk_target,2026-09-03
asbestos survey,asbestos survey,asbestos survey,,asbestos_survey,asbestos survey,specialist_compliance,generic_uk,6600,MEDIUM,65,17.8560,3.7021,25.8080,generic_query_under_uk_target,2026-09-03
asbestos survey near me,asbestos survey near me,asbestos survey near me,,asbestos_survey,asbestos survey,specialist_compliance,near_me_uk,1000,MEDIUM,63,17.3241,3.5965,18.3992,near_me_query_under_uk_target,2026-09-03
fire risk assessment,fire risk assessment,fire risk assessment,,fire_risk_assessment,fire risk assessment,specialist_compliance,generic_uk,8100,HIGH,69,17.4413,4.2473,17.4000,generic_query_under_uk_target,2026-09-03
fire risk assessment near me,fire risk assessment near me,fire risk assessment near me,,fire_risk_assessment,fire risk assessment,specialist_compliance,near_me_uk,1300,HIGH,72,20.3279,5.9518,21.3648,near_me_query_under_uk_target,2026-09-03
commercial cleaning,commercial cleaning,commercial cleaning,,commercial_cleaning,commercial cleaning,b2b_recurring,generic_uk,2900,MEDIUM,45,5.6250,2.4519,12.6437,generic_query_under_uk_target,2026-09-03
commercial cleaning near me,commercial cleaning near me,commercial cleaning near me,,commercial_cleaning,commercial cleaning,b2b_recurring,near_me_uk,1000,MEDIUM,61,6.0452,3.1094,14.9785,near_me_query_under_uk_target,2026-09-03
garage door repair,garage door repair,garage door repair,,garage_door_repair,garage door repair,planned_trade,generic_uk,6600,MEDIUM,55,7.0877,1.5886,8.8163,generic_query_under_uk_target,2026-09-03
garage door repair near me,garage door repair near me,garage door repair near me,,garage_door_repair,garage door repair,planned_trade,near_me_uk,6600,HIGH,70,7.0167,1.3859,8.6742,near_me_query_under_uk_target,2026-09-03
emergency glazier,emergency glazier,emergency glazier,,emergency_glazier,emergency glazier,urgent_trade,generic_uk,390,MEDIUM,66,15.4027,2.1614,19.8847,generic_query_under_uk_target,2026-09-03
emergency glazier near me,emergency glazier near me,emergency glazier near me,,emergency_glazier,emergency glazier,urgent_trade,near_me_uk,320,HIGH,74,15.8743,2.1991,19.7906,near_me_query_under_uk_target,2026-09-03
dental implants,dental implants,dental implants,,dental_implants,dental implants,regulated_health,generic_uk,22200,MEDIUM,62,7.0648,1.6768,8.1796,generic_query_under_uk_target,2026-09-03
dental implants near me,dental implants near me,dental implants near me,,dental_implants,dental implants,regulated_health,near_me_uk,6600,MEDIUM,45,10.8918,2.8430,13.2322,near_me_query_under_uk_target,2026-09-03
private adhd assessment,private adhd assessment,private adhd assessment,,private_adhd_assessment,private adhd assessment,regulated_health,generic_uk,5400,HIGH,82,6.7693,2.2551,6.5916,generic_query_under_uk_target,2026-09-03
private adhd assessment near me,private adhd assessment near me,private adhd assessment near me,,private_adhd_assessment,private adhd assessment,regulated_health,near_me_uk,480,HIGH,69,5.5202,2.0703,6.8313,near_me_query_under_uk_target,2026-09-03
mortgage broker,mortgage broker,mortgage broker,,mortgage_broker,mortgage broker,regulated_finance,generic_uk,18100,MEDIUM,65,18.9856,6.3504,16.2939,generic_query_under_uk_target,2026-09-03
mortgage broker near me,mortgage broker near me,mortgage broker near me,,mortgage_broker,mortgage broker,regulated_finance,near_me_uk,5400,MEDIUM,53,14.1055,4.6346,13.7238,near_me_query_under_uk_target,2026-09-03
personal injury solicitor,personal injury solicitor,personal injury solicitor,,personal_injury_solicitor,personal injury solicitor,regulated_legal,generic_uk,2400,MEDIUM,63,48.5684,14.8780,45.1368,generic_query_under_uk_target,2026-09-03
personal injury solicitor near me,personal injury solicitor near me,personal injury solicitor near me,,personal_injury_solicitor,personal injury solicitor,regulated_legal,near_me_uk,210,MEDIUM,35,20.9861,9.3835,39.4679,near_me_query_under_uk_target,2026-09-03
funeral directors,funeral directors,funeral directors,,funeral_directors,funeral directors,sensitive_service,generic_uk,12100,MEDIUM,40,12.9923,4.2411,20.7182,generic_query_under_uk_target,2026-09-03
funeral directors near me,funeral directors near me,funeral directors near me,,funeral_directors,funeral directors,sensitive_service,near_me_uk,9900,MEDIUM,53,12.0626,3.4185,20.7761,near_me_query_under_uk_target,2026-09-03
self storage,self storage,self storage,,self_storage,self storage,local_inventory,generic_uk,22200,MEDIUM,35,12.7116,5.0202,13.9774,generic_query_under_uk_target,2026-09-03
self storage near me,self storage near me,self storage near me,,self_storage,self storage,local_inventory,near_me_uk,22200,MEDIUM,56,10.1055,3.7127,13.2921,near_me_query_under_uk_target,2026-09-03
cctv installation,cctv installation,cctv installation,,cctv_installation,cctv installation,specialist_installation,generic_uk,2900,MEDIUM,60,6.9577,2.1318,11.9021,generic_query_under_uk_target,2026-09-03
cctv installation near me,cctv installation near me,cctv installation near me,,cctv_installation,cctv installation,specialist_installation,near_me_uk,4400,MEDIUM,64,5.5105,1.8980,11.8601,near_me_query_under_uk_target,2026-09-03
scaffolding,scaffolding,scaffolding,,scaffolding,scaffolding,specialist_trade,generic_uk,33100,HIGH,100,2.1303,1.2977,5.5350,generic_query_under_uk_target,2026-09-03
scaffolding near me,scaffolding near me,scaffolding near me,,scaffolding,scaffolding,specialist_trade,near_me_uk,6600,MEDIUM,52,5.1595,1.4911,6.8919,near_me_query_under_uk_target,2026-09-03
resin driveways,resin driveways,resin driveways,,resin_driveways,resin driveways,high_ticket_home,generic_uk,3600,HIGH,100,5.1160,1.1970,5.7743,generic_query_under_uk_target,2026-09-03
resin driveways near me,resin driveways near me,resin driveways near me,,resin_driveways,resin driveways,high_ticket_home,near_me_uk,1900,HIGH,86,5.7583,2.1573,12.5757,near_me_query_under_uk_target,2026-09-03
boiler installation,boiler installation,boiler installation,,boiler_installation,boiler installation,high_ticket_home,generic_uk,4400,MEDIUM,61,13.8849,4.9046,18.5141,generic_query_under_uk_target,2026-09-03
boiler installation near me,boiler installation near me,boiler installation near me,,boiler_installation,boiler installation,high_ticket_home,near_me_uk,4400,MEDIUM,45,7.3819,5.9443,20.4508,near_me_query_under_uk_target,2026-09-03
heat pump installer,heat pump installer,heat pump installer,,heat_pump_installer,heat pump installer,high_ticket_home,generic_uk,2900,MEDIUM,64,6.8292,1.9990,8.2954,generic_query_under_uk_target,2026-09-03
heat pump installer near me,heat pump installer near me,heat pump installer near me,,heat_pump_installer,heat pump installer,high_ticket_home,near_me_uk,390,LOW,17,5.4484,5.0645,12.6373,near_me_query_under_uk_target,2026-09-03
spray foam removal,spray foam removal,spray foam removal,,spray_foam_removal,spray foam removal,specialist_remediation,generic_uk,1600,HIGH,78,26.0733,5.8475,25.2589,generic_query_under_uk_target,2026-09-03
spray foam removal near me,spray foam removal near me,spray foam removal near me,,spray_foam_removal,spray foam removal,specialist_remediation,near_me_uk,320,HIGH,79,38.4614,13.5375,45.9492,near_me_query_under_uk_target,2026-09-03
loft conversion,loft conversion,loft conversion,,loft_conversion,loft conversion,high_ticket_home,generic_uk,14800,MEDIUM,56,5.2858,1.2027,5.8941,generic_query_under_uk_target,2026-09-03
loft conversion near me,loft conversion near me,loft conversion near me,,loft_conversion,loft conversion,high_ticket_home,near_me_uk,2900,MEDIUM,52,7.2902,1.6437,11.2790,near_me_query_under_uk_target,2026-09-03
bathroom fitters,bathroom fitters,bathroom fitters,,bathroom_fitters,bathroom fitters,high_ticket_home,generic_uk,6600,HIGH,68,4.0513,1.7067,5.8449,generic_query_under_uk_target,2026-09-03
bathroom fitters near me,bathroom fitters near me,bathroom fitters near me,,bathroom_fitters,bathroom fitters,high_ticket_home,near_me_uk,8100,HIGH,70,3.6837,1.7973,6.5989,near_me_query_under_uk_target,2026-09-03
water damage restoration,water damage restoration,water damage restoration,,water_damage_restoration,water damage restoration,urgent_remediation,generic_uk,1900,LOW,7,8.6970,2.9836,18.2064,generic_query_under_uk_target,2026-09-03
water damage restoration near me,water damage restoration near me,water damage restoration near me,,water_damage_restoration,water damage restoration,urgent_remediation,near_me_uk,880,LOW,2,18.1030,3.3246,15.8769,near_me_query_under_uk_target,2026-09-03
appliance repair,appliance repair,appliance repair,,appliance_repair,appliance repair,planned_trade,generic_uk,4400,MEDIUM,33,2.2463,0.9608,3.4800,generic_query_under_uk_target,2026-09-03
appliance repair near me,appliance repair near me,appliance repair near me,,appliance_repair,appliance repair,planned_trade,near_me_uk,5400,MEDIUM,46,2.0130,0.7355,2.6308,near_me_query_under_uk_target,2026-09-03
conservatory roof replacement,conservatory roof replacement,conservatory roof replacement,,conservatory_roof_replacement,conservatory roof replacement,high_ticket_home,generic_uk,9900,HIGH,98,12.8852,3.5867,15.5248,generic_query_under_uk_target,2026-09-03
conservatory roof replacement near me,conservatory roof replacement near me,conservatory roof replacement near me,,conservatory_roof_replacement,conservatory roof replacement,high_ticket_home,near_me_uk,1000,HIGH,90,11.1224,4.4549,19.4130,near_me_query_under_uk_target,2026-09-03
damp proofing,damp proofing,damp proofing,,damp_proofing,damp proofing,high_ticket_home,generic_uk,0,UNSPECIFIED,0,0.0000,0.0000,0.0000,generic_query_under_uk_target,2026-09-03
damp proofing near me,damp proofing near me,damp proofing near me,,damp_proofing,damp proofing,high_ticket_home,near_me_uk,0,UNSPECIFIED,0,0.0000,0.0000,0.0000,near_me_query_under_uk_target,2026-09-03
