source_id,source_name,source_type,url,observed_at,status,supports,limitations
S01,Google Ads historical metrics documentation,official-documentation,https://developers.google.com/google-ads/api/docs/keyword-planning/generate-historical-metrics,2026-09-03,live-primary,Method and meaning of keyword historical metrics,Does not publish this account-specific dataset
S02,Google Business Profile eligibility and ownership,official-platform-policy,https://support.google.com/business/answer/13763036?hl=en,2026-09-03,live-primary,Lead generators are ineligible and owners or authorised representatives control profiles,Platform rules can change and enforcement is case-specific
S03,Google service-area profile guidance,official-platform-policy,https://support.google.com/business/answer/9157481?hl=en,2026-09-03,live-primary,One profile for a service area and address-hiding rules,Platform rules can change
S04,Google Search spam policies,official-platform-policy,https://developers.google.com/search/docs/essentials/spam-policies,2026-09-03,live-primary,Doorway abuse link spam expired-domain abuse and scaled-content abuse,Policy application depends on actual implementation
S05,Google people-first content guidance,official-platform-guidance,https://developers.google.com/search/docs/fundamentals/creating-helpful-content,2026-09-03,live-primary,Originality expertise who-how-why and audience-first content,Guidance is not a ranking guarantee
S06,Google UK AI Mode announcement,official-platform-announcement,https://blog.google/company-news/inside-google/around-the-globe/google-europe/united-kingdom/ai-mode-search-uk/,2026-09-03,live-primary,UK rollout date query fan-out and longer early-user queries,Google is describing its own product and gives no UK click-through benchmark
S07,Google Search Console generative AI reports,official-platform-announcement,https://developers.google.com/search/blog/2026/06/gen-ai-performance-reports,2026-09-03,live-primary,Global availability and reported dimensions for AI-search visibility,Visibility does not establish clicks or lead quality
S08,Pew AI summary click study,independent-research,https://www.pewresearch.org/short-reads/2025/07/22/google-users-are-less-likely-to-click-on-links-when-an-ai-summary-appears-in-the-results/,2026-09-03,live-secondary,Observed click and session behaviour with AI summaries,US panel and all-query observational study rather than UK local-service estimate
S09,Ahrefs AI Overview CTR update,industry-research,https://ahrefs.com/blog/ai-overviews-reduce-clicks-update/,2026-09-03,live-secondary,Estimated position-one CTR effect and 300000-keyword method,Mostly informational keywords and software-vendor research
S10,Whitespark local AI Overview study,industry-research,https://whitespark.ca/blog/case-study-the-prevalence-of-ai-overviews-in-local-search/,2026-09-03,live-secondary,AI Overview and local-pack prevalence by query intent,540 queries in six industries and three US cities
S11,BrightLocal 2026 local-search channels,industry-research,https://www.brightlocal.com/research/consumer-search-behavior-channels/,2026-09-03,live-secondary,Multi-channel local journeys and AI verification behaviour,1227 US consumers rather than a UK sample
S12,FatRank rank-and-rent case study,operator-case-study,https://www.fatrank.com/rank-and-rent-case-study/,2026-09-03,live-first-party,Reported build cost lead flow rent and link-content inputs,Anonymous niche domain tenant and unaudited economics
S13,Niche Pursuits James Dooley interview,public-interview,https://www.nichepursuits.com/james-dooley/,2026-09-03,live-secondary,Operator claims about portfolio scale failures and method,Claims are self-reported and not independently audited
S14,FatRank Charles Floate interview transcript,public-interview,https://fatrank.transistor.fm/50/transcript,2026-09-03,live-first-party,Operator discussion of difficulty profile volatility AI and lead measurement,Produced inside the FatRank ecosystem
S15,Chameleon Overlay local SEO playbook,operator-case-study,https://chameleonoverlay.com/blog/local-seo-rank-and-rent-playbook,2026-09-03,live-first-party,Reported low-cost roofing result and tactics,Self-reported and its virtual-office profile tactic conflicts with Google guidance
S16,UK boiler repair network attempt,community-case-study,https://www.reddit.com/r/juststart/comments/t123be/uk_boiler_repair_network_site_rank_and_rent_case/,2026-09-03,live-anecdotal,Slow link progress no buyer replies and UK monetisation difficulty,Single self-reported attempt from roughly 2021
S17,Lead Smart twenty-day publisher report,network-case-study,https://leadsmartinc.com/news/case-study-rank-and-rent-20-day-report,2026-09-03,live-first-party,Call funnel counts revenue and variability,US network-selected case and self-reported publisher data
S18,Rank and Rent UK sales page,course-sales-page,https://rankandrent.uk/,2026-09-03,live-first-party,Current low-cost promoter framing and lead-price claims,Commercial sales copy with unsupported generalisations
S19,Bark affiliate programme,marketplace-programme,https://www.bark.com/en/gb/affiliates/,2026-09-03,live-primary,Up to 80 GBP per qualifying project and programme mechanics,Maximum is not average payout and acceptance rules apply
S20,Bark professional pricing,marketplace-pricing,https://www.bark.com/en/gb/sellers/pricing/,2026-09-03,live-primary,Credit-based seller acquisition model,Does not disclose a stable cost per lead for every category
S21,Bark credit price help,marketplace-pricing,https://help.bark.com/hc/en-gb/articles/13346288068892-What-is-a-credit-and-how-much-does-it-cost,2026-09-03,live-primary,Standard listed credit price,Credits required per lead vary
S22,Checkatrade membership pricing,marketplace-pricing,https://join.checkatrade.com/pricing/,2026-09-03,live-primary,Free Approved and Growth membership architecture,Does not publish lead conversion or category-level CPL
S23,MyBuilder 2024 terms,marketplace-terms,https://www.mybuilder.com/assets/en_GB/MB-Terms-and-Conditions-Feb-26-2024.pdf,2026-09-03,live-primary,Shortlist fee model tied to likely job value and location,Terms are dated 2024 and should be rechecked before use
S24,ASA CAP lead-generation marketing guidance,regulator-guidance,https://www.asa.org.uk/advice-online/lead-generation-marketing.html,2026-09-03,live-primary,Clear commercial intent and lead-generation identity,Non-binding CAP Executive advice and not legal advice
S25,ICO collect information and generate leads,regulator-guidance,https://ico.org.uk/for-organisations/direct-marketing-and-privacy-and-electronic-communications/direct-marketing-guidance/collect-information-and-generate-leads/,2026-09-03,live-primary,Transparency lawful basis sharing and data-buyer due diligence,Exact consent requirements depend on the processing and contact purpose
S26,ICO direct marketing guidance,regulator-guidance,https://ico.org.uk/for-organisations/direct-marketing-and-privacy-and-electronic-communications/direct-marketing-guidance/,2026-09-03,live-primary,Current framework and 28 April 2026 update,Guidance is not a substitute for legal advice
S27,HSE asbestos survey guidance,regulator-guidance,https://www.hse.gov.uk/asbestos/duty/arrange-asbestos-survey.htm,2026-09-03,live-primary,Competent surveyors and UKAS accreditation recommendation,Applies to duty-to-manage contexts and exact obligations vary by property and work
S28,GOV.UK workplace fire risk assessment,regulator-guidance,https://www.gov.uk/workplace-fire-safety-your-responsibilities/fire-risk-assessments,2026-09-03,live-primary,Responsible-person duty and competent help,The responsible person may carry out the assessment if competent
S29,GOV.UK household waste disposal,regulator-guidance,https://www.gov.uk/dispose-household-waste,2026-09-03,live-primary,Requirement to check a private waste collector on the relevant carrier register,Nation-specific registers and rules apply
S30,Environment Agency waste carrier register,official-register,https://environment.data.gov.uk/public-register/view/search-waste-carriers-brokers,2026-09-03,live-primary,Public verification of England waste carriers brokers and dealers,Registration does not establish service quality
S31,HSE gas work registration guidance,regulator-guidance,https://www.hse.gov.uk/gas/domestic/newschemecontract.htm,2026-09-03,live-primary,Gas engineering businesses must be on the Gas Safe Register,Registration does not establish customer service quality
S32,FCA mortgage broker authorisation,regulator-guidance,https://www.fca.org.uk/firms/authorisation/mortgage-brokers,2026-09-03,live-primary,Authorisation and introducer or lead-generator scrutiny,Does not cover every possible unregulated communication
S33,FCA financial promotions and adverts,regulator-guidance,https://www.fca.org.uk/firms/financial-promotions-adverts,2026-09-03,live-primary,Fair clear and not misleading financial promotions,Specific handbook rules and permissions require expert review
S34,Checkatrade asbestos survey cost guide,marketplace-cost-guide,https://www.checkatrade.com/blog/cost-guides/asbestos-survey-cost/,2026-09-03,live-secondary,Indicative 2026 domestic and commercial survey prices,Ballpark marketplace estimates rather than transaction microdata
S35,Checkatrade drain unblocking cost guide,marketplace-cost-guide,https://www.checkatrade.com/blog/cost-guides/drain-unblocking-cost/,2026-09-03,live-secondary,Indicative call-out rodding jetting and survey costs,Ballpark marketplace estimates and some estimator output uses AI
S36,Checkatrade boiler installation cost guide,marketplace-cost-guide,https://www.checkatrade.com/blog/cost-guides/new-boiler-cost/,2026-09-03,live-secondary,Indicative 2026 gas combi supply and installation value,Ballpark marketplace estimates and some estimator output uses AI
S37,Checkatrade house clearance cost guide,marketplace-cost-guide,https://www.checkatrade.com/blog/cost-guides/house-clearance-cost/,2026-09-03,live-secondary,Indicative 2026 clearance prices by volume,Ballpark marketplace estimates
S38,CleanTender commercial cleaning contracts guide,industry-cost-guide,https://cleantender.co.uk/resources/guides/commercial-cleaning-contracts-uk-guide,2026-09-03,live-secondary,Indicative recurring contract and hourly-rate economics,Publisher methodology is summarised rather than independently audited
S39,Google geo target dataset documentation,official-documentation,https://developers.google.com/google-ads/api/data/geotargets,2026-09-03,live-primary,Current geo-target resource and 2026 dataset release,Geo criteria still answer a different question from city words inside a query
S40,Google Ads API quotas,official-documentation,https://developers.google.com/google-ads/api/docs/best-practices/quotas,2026-09-03,live-primary,Historical-metrics service limit and RESOURCE_EXHAUSTED behaviour,Limits depend on method access and customer context and can change
S41,Google Ads API access levels,official-documentation,https://developers.google.com/google-ads/api/docs/api-policy/access-levels,2026-09-03,live-primary,Basic-access daily operation allowance,Daily access is separate from per-service rate limits
S42,Google Ads historical metrics reference,official-documentation,https://developers.google.com/google-ads/api/reference/rpc/v22/KeywordPlanHistoricalMetrics,2026-09-03,live-primary,Definitions for average searches competition index CPC and bid percentiles,The documentation does not validate this project's commercial inferences
S43,Companies House register guidance,official-guidance,https://www.gov.uk/guidance/searching-the-companies-house-register,2026-09-03,live-primary,Register scope and warning that filed information is not comprehensively verified,Registry facts do not establish trading quality service coverage or buying intent
S44,Companies House advanced search API,official-documentation,https://developer-specs.company-information.service.gov.uk/companies-house-public-data-api/reference/search/advanced-company-search,2026-09-03,live-primary,Read-only company discovery by status location SIC and name,Returned matches are registered-company discovery results rather than buyer counts
S45,Vetted Limited filing history,official-register,https://find-and-update.company-information.service.gov.uk/company/04285394/filing-history,2026-09-03,live-primary,Filed Checkatrade operator accounts to 31 December 2024,Company-filed accounts and manual PDF transcription
S46,Bark.com Global Limited filing history,official-register,https://find-and-update.company-information.service.gov.uk/company/10614196/filing-history,2026-09-03,live-primary,Filed Bark accounts to 31 December 2025 and revenue model note,Company-filed accounts and manual PDF transcription
S47,MyBuilder Limited filing history,official-register,https://find-and-update.company-information.service.gov.uk/company/05272398/filing-history,2026-09-03,live-primary,Filed MyBuilder accounts to 31 December 2025 and shortlist-fee revenue policy,Company-filed accounts with structured and manual extraction
S48,Jackson Fire Manchester service site,first-party-company-site,https://manchester.jacksonfire.co.uk/,2026-09-03,live-primary,Manchester coverage and footer legal identity 03893399,Related entity 08429080 also exists and group relationship needs confirmation
S49,Companies House quality and methods guide,official-methodology,https://www.gov.uk/government/publications/incorporated-companies-in-the-uk-by-jurisdiction-and-month-quality-and-methods-guide/quality-and-methods-guide,2026-09-03,live-primary,Companies House statement that it does not independently verify the accuracy of company-filed information,The statement describes source quality and does not invalidate every filed fact
D01,Explicit city Google Ads screen,project-dataset,google-ads-explicit-city-screen.csv,2026-09-03,local-primary,910 service-city historical metric rows,City-modified queries under UK targeting are not city geo targets
D02,National intent Google Ads screen,project-dataset,google-ads-national-intent-screen.csv,2026-09-03,local-primary,35 generic and 35 near-me historical metric rows,Overlaps with explicit-city demand and must not be added
D03,Google Ads city summary,project-derived,google-ads-city-summary.csv,2026-09-03,local-derived,Comparable 35-phrase basket totals and weighted CPC by city,Not the full local-service market in each city
D04,Google Ads niche summary,project-derived,google-ads-niche-summary.csv,2026-09-03,local-derived,Comparable cross-city volume CPC and paid-value proxy by niche,Proxy is not revenue traffic or organic difficulty
D05,Business model scorecard,project-inference,business-model-scorecard.csv,2026-09-03,local-inference,Model comparison and best-fit recommendations,Requires buyer validation
D06,Economics scenarios,project-derived,economics-scenarios.csv,2026-09-03,local-assumption,Transparent accepted-lead and tenancy sensitivity,Assumptions are not forecasts or market prices
D07,Opportunity scorecard,project-inference,opportunity-scorecard.csv,2026-09-03,local-inference,City-niche prioritisation with scored judgement,Ordinal scores encode research judgement and should not be treated as measured probabilities
D08,Web result sample,project-observation,web-result-sample.csv,2026-09-03,local-secondary,Directional competitor and result-type observations,Not geolocated personalised or exhaustive
D09,Local-geo Google Ads screen,project-dataset,google-ads-local-geo-screen.csv,2026-09-03,local-primary,144 generic-service historical metric rows inside nine active city geo targets,Generic local-geo rows are not interchangeable with explicit city phrases
D10,Priority explicit-intent screen,project-dataset,google-ads-priority-intent-screen.csv,2026-09-03,local-primary,Expanded query variants for seven priority city-niche clusters under UK targeting,Close-variant rows and keyword baskets overlap
D11,Priority local-geo intent screen,project-dataset,google-ads-priority-local-geo-intent-screen.csv,2026-09-03,local-primary,Expanded generic variants inside seven relevant city geo targets,Sparse data can produce missing average CPC despite reported bid ranges
D12,Priority cluster comparison,project-derived,google-ads-priority-cluster-summary.csv,2026-09-03,local-derived,Explicit versus local-geo volume CPC competition seasonality and anomaly comparison,Keyword basket values are not additive market size
D13,Companies House organisation evidence,project-dataset,companies-house-organisations.csv,2026-09-03,local-primary,24 resolved registry entities with filing metrics extraction method and identity state,Selected entities rather than a census and most small-company accounts omit turnover
D14,Companies House segment summary,project-derived,companies-house-segment-summary.csv,2026-09-03,local-derived,Disclosure coverage headcount and turnover summaries for five selected groups,Not market size trading-quality evidence or buying intent
D15,Companies House census screen,project-dataset,companies-house-census-screen.csv,2026-09-03,local-primary,Thirteen read-only location SIC and name discovery counts,Broad registered-office matches with omissions overlaps and false positives
D16,CPC economics sensitivity,project-derived,cpc-economics-sensitivity.csv,2026-09-03,local-assumption,Observed local CPC translated into paid accepted-lead and won-job cost under three explicit funnels,Scenario arithmetic before overhead rather than a forecast or market lead price
D17,Local-geo city summary,project-derived,google-ads-local-geo-city-summary.csv,2026-09-03,local-derived,Comparable 16-service generic keyword basket inside nine city targets,Not comparable to the 35-phrase explicit-city basket and not obtainable traffic
