city,category,submitted_keyword,grouped_submitted_keywords,returned_keyword,close_variants,average_monthly_searches,competition,competition_index,average_cpc_gbp,low_top_of_page_gbp,high_top_of_page_gbp,monthly_search_volumes,geography_method,observed_at
London,friendship_discovery,social events,social events,social events,,110,LOW,3,0.8787,0.0000,0.0000,2025-august:70|2025-september:260|2025-october:140|2025-november:110|2025-december:70|2026-january:90|2026-february:90|2026-march:140|2026-april:90|2026-may:70|2026-june:70|2026-july:90,generic_query_inside_local_geo_target,2026-09-03
London,friendship_discovery,social events near me,social events near me,social events near me,,40,LOW,18,7.5999,0.4947,2.7569,2025-august:50|2025-september:70|2025-october:40|2025-november:40|2025-december:30|2026-january:40|2026-february:30|2026-march:50|2026-april:40|2026-may:50|2026-june:40|2026-july:40,generic_query_inside_local_geo_target,2026-09-03
London,friendship_discovery,meet new people,meet new people,meet new people,,90,MEDIUM,36,1.2287,0.5709,1.6515,2025-august:90|2025-september:170|2025-october:110|2025-november:70|2025-december:70|2026-january:90|2026-february:70|2026-march:90|2026-april:50|2026-may:70|2026-june:70|2026-july:70,generic_query_inside_local_geo_target,2026-09-03
London,friendship_discovery,make new friends,make new friends,make new friends,,90,LOW,13,1.4632,0.6450,2.6406,2025-august:110|2025-september:140|2025-october:90|2025-november:70|2025-december:70|2026-january:110|2026-february:50|2026-march:90|2026-april:70|2026-may:70|2026-june:90|2026-july:50,generic_query_inside_local_geo_target,2026-09-03
London,friendship_discovery,social groups near me,social groups near me,social groups near me,,50,LOW,25,0.7606,0.2871,1.5690,2025-august:90|2025-september:90|2025-october:90|2025-november:50|2025-december:40|2026-january:40|2026-february:50|2026-march:50|2026-april:50|2026-may:20|2026-june:30|2026-july:40,generic_query_inside_local_geo_target,2026-09-03
London,friendship_discovery,dinner with strangers,dinner with strangers,dinner with strangers,,50,LOW,10,3.1144,1.1792,3.8623,2025-august:110|2025-september:90|2025-october:70|2025-november:70|2025-december:40|2026-january:70|2026-february:50|2026-march:50|2026-april:40|2026-may:40|2026-june:40|2026-july:40,generic_query_inside_local_geo_target,2026-09-03
London,interest_led,public lectures,public lectures,public lectures,,70,LOW,4,1.8058,0.4850,3.1673,2025-august:50|2025-september:70|2025-october:70|2025-november:50|2025-december:50|2026-january:110|2026-february:70|2026-march:70|2026-april:70|2026-may:70|2026-june:110|2026-july:70,generic_query_inside_local_geo_target,2026-09-03
London,interest_led,live talks,live talks,live talks,,50,LOW,25,0.9888,0.4382,0.8967,2025-august:40|2025-september:40|2025-october:50|2025-november:40|2025-december:30|2026-january:40|2026-february:50|2026-march:50|2026-april:50|2026-may:50|2026-june:70|2026-july:50,generic_query_inside_local_geo_target,2026-09-03
London,interest_led,book club,book club,book club,,1600,LOW,9,1.6527,0.3497,1.7812,2025-august:1600|2025-september:1900|2025-october:4400|2025-november:1900|2025-december:1600|2026-january:1900|2026-february:1600|2026-march:1300|2026-april:1000|2026-may:1000|2026-june:1000|2026-july:1000,generic_query_inside_local_geo_target,2026-09-03
London,interest_led,reading club,reading club,reading club,,140,LOW,7,0.8292,0.0000,0.0000,2025-august:210|2025-september:210|2025-october:170|2025-november:140|2025-december:170|2026-january:110|2026-february:140|2026-march:110|2026-april:110|2026-may:90|2026-june:70|2026-july:90,generic_query_inside_local_geo_target,2026-09-03
London,interest_led,board game cafe,board game cafe,board game cafe,,2900,LOW,14,0.7531,0.3750,1.3315,2025-august:3600|2025-september:3600|2025-october:3600|2025-november:3600|2025-december:2900|2026-january:4400|2026-february:2900|2026-march:2900|2026-april:2400|2026-may:1900|2026-june:1900|2026-july:1600,generic_query_inside_local_geo_target,2026-09-03
London,interest_led,chess club,chess club,chess club,,480,LOW,5,0.4393,0.7051,3.5040,2025-august:480|2025-september:720|2025-october:590|2025-november:590|2025-december:480|2026-january:590|2026-february:390|2026-march:590|2026-april:480|2026-may:390|2026-june:390|2026-july:390,generic_query_inside_local_geo_target,2026-09-03
London,interest_led,pottery classes,pottery classes,pottery classes,,1900,HIGH,98,1.0165,0.4497,1.0593,2025-august:1900|2025-september:2400|2025-october:2400|2025-november:2400|2025-december:1900|2026-january:2900|2026-february:2900|2026-march:2400|2026-april:1900|2026-may:1600|2026-june:1300|2026-july:1300,generic_query_inside_local_geo_target,2026-09-03
London,interest_led,pottery painting,pottery painting,pottery painting,,4400,LOW,31,0.7354,0.3975,1.0040,2025-august:5400|2025-september:4400|2025-october:5400|2025-november:4400|2025-december:3600|2026-january:5400|2026-february:5400|2026-march:5400|2026-april:3600|2026-may:2900|2026-june:2900|2026-july:3600,generic_query_inside_local_geo_target,2026-09-03
London,interest_led,social sports,social sports,social sports,,70,LOW,7,2.7314,0.6647,0.9938,2025-august:90|2025-september:110|2025-october:70|2025-november:70|2025-december:50|2026-january:70|2026-february:70|2026-march:70|2026-april:50|2026-may:70|2026-june:70|2026-july:70,generic_query_inside_local_geo_target,2026-09-03
London,dating,speed dating,speed dating,speed dating,,1000,MEDIUM,54,1.5427,0.4684,1.4012,2025-august:1300|2025-september:1300|2025-october:1300|2025-november:1300|2025-december:880|2026-january:1300|2026-february:1000|2026-march:1000|2026-april:880|2026-may:880|2026-june:880|2026-july:720,generic_query_inside_local_geo_target,2026-09-03
London,dating,singles events,singles events,singles events,,110,MEDIUM,49,1.4612,0.3664,1.3902,2025-august:110|2025-september:140|2025-october:110|2025-november:90|2025-december:70|2026-january:90|2026-february:110|2026-march:110|2026-april:140|2026-may:90|2026-june:90|2026-july:90,generic_query_inside_local_geo_target,2026-09-03
London,dating,singles nights,singles nights,singles nights,,40,MEDIUM,44,0.6601,0.2732,1.6961,2025-august:20|2025-september:40|2025-october:40|2025-november:110|2025-december:20|2026-january:50|2026-february:50|2026-march:30|2026-april:20|2026-may:20|2026-june:30|2026-july:30,generic_query_inside_local_geo_target,2026-09-03
London,broad_discovery,things to do,things to do,things to do,,90500,LOW,12,0.2785,0.5303,2.1056,2025-august:135000|2025-september:110000|2025-october:90500|2025-november:74000|2025-december:60500|2026-january:90500|2026-february:90500|2026-march:90500|2026-april:90500|2026-may:90500|2026-june:90500|2026-july:90500,generic_query_inside_local_geo_target,2026-09-03
London,broad_discovery,events near me,events near me,events near me,,1600,HIGH,100,1.0222,0.2663,1.1407,2025-august:2900|2025-september:1600|2025-october:1600|2025-november:1300|2025-december:1000|2026-january:1000|2026-february:880|2026-march:1000|2026-april:1000|2026-may:1600|2026-june:1600|2026-july:1600,generic_query_inside_local_geo_target,2026-09-03
Birmingham,friendship_discovery,social events,social events,social events,,10,LOW,19,0.0913,0.0000,0.0000,2025-august:10|2025-september:20|2025-october:10|2025-november:20|2025-december:20|2026-january:20|2026-february:10|2026-march:20|2026-april:20|2026-may:10|2026-june:20|2026-july:10,generic_query_inside_local_geo_target,2026-09-03
Birmingham,friendship_discovery,social events near me,social events near me,social events near me,,10,LOW,0,0.0000,0.0000,0.0000,2025-august:10|2025-september:10|2025-october:10|2025-november:10|2025-december:10|2026-january:10|2026-february:10|2026-march:10|2026-april:10|2026-may:10|2026-june:10|2026-july:10,generic_query_inside_local_geo_target,2026-09-03
Birmingham,friendship_discovery,meet new people,meet new people,meet new people,,20,MEDIUM,40,2.4501,0.6522,1.4386,2025-august:30|2025-september:10|2025-october:10|2025-november:10|2025-december:20|2026-january:30|2026-february:10|2026-march:20|2026-april:10|2026-may:20|2026-june:20|2026-july:20,generic_query_inside_local_geo_target,2026-09-03
Birmingham,friendship_discovery,make new friends,make new friends,make new friends,,50,LOW,4,0.0000,0.0000,0.0000,2025-august:50|2025-september:40|2025-october:40|2025-november:30|2025-december:40|2026-january:50|2026-february:40|2026-march:70|2026-april:70|2026-may:50|2026-june:70|2026-july:50,generic_query_inside_local_geo_target,2026-09-03
Birmingham,friendship_discovery,social groups near me,social groups near me,social groups near me,,10,LOW,30,0.8488,0.0796,1.3510,2025-august:10|2025-september:20|2025-october:10|2025-november:10|2025-december:10|2026-january:10|2026-february:10|2026-march:10|2026-april:10|2026-may:10|2026-june:10|2026-july:10,generic_query_inside_local_geo_target,2026-09-03
Birmingham,friendship_discovery,dinner with strangers,dinner with strangers,dinner with strangers,,10,LOW,4,0.0000,0.0000,0.0000,2025-august:10|2025-september:10|2025-october:10|2025-november:10|2025-december:10|2026-january:10|2026-february:10|2026-march:10|2026-april:10|2026-may:10|2026-june:10|2026-july:10,generic_query_inside_local_geo_target,2026-09-03
Birmingham,interest_led,public lectures,public lectures,public lectures,,10,LOW,0,0.0000,0.0000,0.0000,2025-august:10|2025-september:0|2025-october:10|2025-november:10|2025-december:10|2026-january:10|2026-february:10|2026-march:10|2026-april:10|2026-may:0|2026-june:10|2026-july:10,generic_query_inside_local_geo_target,2026-09-03
Birmingham,interest_led,live talks,live talks,live talks,,10,LOW,24,0.5186,0.0000,0.0000,2025-august:10|2025-september:0|2025-october:30|2025-november:10|2025-december:10|2026-january:10|2026-february:10|2026-march:10|2026-april:10|2026-may:10|2026-june:10|2026-july:10,generic_query_inside_local_geo_target,2026-09-03
Birmingham,interest_led,book club,book club,book club,,210,LOW,19,0.1554,0.3142,1.3026,2025-august:170|2025-september:260|2025-october:480|2025-november:320|2025-december:210|2026-january:210|2026-february:210|2026-march:170|2026-april:140|2026-may:140|2026-june:90|2026-july:140,generic_query_inside_local_geo_target,2026-09-03
Birmingham,interest_led,reading club,reading club,reading club,,10,LOW,0,0.0000,0.0000,0.0000,2025-august:10|2025-september:20|2025-october:10|2025-november:10|2025-december:10|2026-january:10|2026-february:10|2026-march:10|2026-april:10|2026-may:10|2026-june:10|2026-july:10,generic_query_inside_local_geo_target,2026-09-03
Birmingham,interest_led,board game cafe,board game cafe,board game cafe,,390,LOW,4,0.5116,0.0000,0.0000,2025-august:390|2025-september:320|2025-october:390|2025-november:480|2025-december:390|2026-january:480|2026-february:390|2026-march:390|2026-april:390|2026-may:390|2026-june:260|2026-july:260,generic_query_inside_local_geo_target,2026-09-03
Birmingham,interest_led,chess club,chess club,chess club,,50,LOW,1,0.5319,0.0000,0.0000,2025-august:70|2025-september:70|2025-october:50|2025-november:50|2025-december:70|2026-january:70|2026-february:40|2026-march:50|2026-april:40|2026-may:50|2026-june:40|2026-july:50,generic_query_inside_local_geo_target,2026-09-03
Birmingham,interest_led,pottery classes,pottery classes,pottery classes,,210,HIGH,95,0.4582,0.3054,0.7955,2025-august:210|2025-september:170|2025-october:210|2025-november:170|2025-december:170|2026-january:320|2026-february:260|2026-march:210|2026-april:140|2026-may:140|2026-june:140|2026-july:140,generic_query_inside_local_geo_target,2026-09-03
Birmingham,interest_led,pottery painting,pottery painting,pottery painting,,880,LOW,17,0.1667,0.1082,0.4125,2025-august:1000|2025-september:880|2025-october:880|2025-november:880|2025-december:720|2026-january:1000|2026-february:1600|2026-march:1000|2026-april:880|2026-may:880|2026-june:880|2026-july:880,generic_query_inside_local_geo_target,2026-09-03
Birmingham,interest_led,social sports,social sports,social sports,,210,LOW,1,0.0000,0.0000,0.0000,2025-august:210|2025-september:210|2025-october:210|2025-november:320|2025-december:260|2026-january:210|2026-february:210|2026-march:210|2026-april:210|2026-may:210|2026-june:210|2026-july:260,generic_query_inside_local_geo_target,2026-09-03
Birmingham,dating,speed dating,speed dating,speed dating,,140,LOW,22,1.0983,0.4965,1.7245,2025-august:210|2025-september:170|2025-october:170|2025-november:110|2025-december:140|2026-january:110|2026-february:170|2026-march:140|2026-april:110|2026-may:110|2026-june:110|2026-july:140,generic_query_inside_local_geo_target,2026-09-03
Birmingham,dating,singles events,singles events,singles events,,10,LOW,3,0.0000,0.0000,0.0000,2025-august:20|2025-september:10|2025-october:10|2025-november:10|2025-december:10|2026-january:10|2026-february:10|2026-march:10|2026-april:10|2026-may:10|2026-june:10|2026-july:10,generic_query_inside_local_geo_target,2026-09-03
Birmingham,dating,singles nights,singles nights,singles nights,,10,LOW,0,0.0000,0.0000,0.0000,2025-august:10|2025-september:10|2025-october:10|2025-november:20|2025-december:10|2026-january:10|2026-february:10|2026-march:10|2026-april:10|2026-may:10|2026-june:10|2026-july:10,generic_query_inside_local_geo_target,2026-09-03
Birmingham,broad_discovery,things to do,things to do,things to do,,8100,LOW,19,0.3373,0.4040,1.7841,2025-august:12100|2025-september:9900|2025-october:9900|2025-november:6600|2025-december:6600|2026-january:9900|2026-february:8100|2026-march:9900|2026-april:8100|2026-may:8100|2026-june:8100|2026-july:9900,generic_query_inside_local_geo_target,2026-09-03
Birmingham,broad_discovery,events near me,events near me,events near me,,260,HIGH,100,0.7235,0.3189,1.4520,2025-august:480|2025-september:260|2025-october:260|2025-november:170|2025-december:210|2026-january:140|2026-february:140|2026-march:170|2026-april:210|2026-may:320|2026-june:260|2026-july:320,generic_query_inside_local_geo_target,2026-09-03
Manchester,friendship_discovery,social events,social events,social events,,10,LOW,0,0.0000,0.0000,0.0000,2025-august:0|2025-september:10|2025-october:10|2025-november:10|2025-december:10|2026-january:10|2026-february:10|2026-march:10|2026-april:10|2026-may:10|2026-june:10|2026-july:20,generic_query_inside_local_geo_target,2026-09-03
Manchester,friendship_discovery,social events near me,social events near me,social events near me,,10,MEDIUM,64,2.4943,0.7000,1.7791,2025-august:10|2025-september:0|2025-october:10|2025-november:10|2025-december:10|2026-january:10|2026-february:10|2026-march:10|2026-april:0|2026-may:10|2026-june:10|2026-july:10,generic_query_inside_local_geo_target,2026-09-03
Manchester,friendship_discovery,meet new people,meet new people,meet new people,,10,LOW,26,0.0000,0.7439,2.0409,2025-august:10|2025-september:10|2025-october:10|2025-november:10|2025-december:10|2026-january:20|2026-february:10|2026-march:10|2026-april:10|2026-may:10|2026-june:10|2026-july:10,generic_query_inside_local_geo_target,2026-09-03
Manchester,friendship_discovery,make new friends,make new friends,make new friends,,10,LOW,17,0.0000,0.0000,0.0000,2025-august:10|2025-september:10|2025-october:10|2025-november:10|2025-december:10|2026-january:10|2026-february:10|2026-march:10|2026-april:10|2026-may:10|2026-june:10|2026-july:10,generic_query_inside_local_geo_target,2026-09-03
Manchester,friendship_discovery,social groups near me,social groups near me,social groups near me,,10,LOW,7,0.2506,0.0000,0.0000,2025-august:10|2025-september:10|2025-october:10|2025-november:10|2025-december:10|2026-january:10|2026-february:10|2026-march:10|2026-april:10|2026-may:10|2026-june:10|2026-july:10,generic_query_inside_local_geo_target,2026-09-03
Manchester,friendship_discovery,dinner with strangers,dinner with strangers,dinner with strangers,,10,UNSPECIFIED,0,0.0000,0.0000,0.0000,2025-august:10|2025-september:10|2025-october:10|2025-november:10|2025-december:10|2026-january:10|2026-february:10|2026-march:10|2026-april:10|2026-may:0|2026-june:10|2026-july:0,generic_query_inside_local_geo_target,2026-09-03
Manchester,interest_led,public lectures,public lectures,public lectures,,10,LOW,10,0.0000,0.0000,0.0000,2025-august:0|2025-september:10|2025-october:10|2025-november:10|2025-december:10|2026-january:10|2026-february:0|2026-march:10|2026-april:10|2026-may:10|2026-june:10|2026-july:10,generic_query_inside_local_geo_target,2026-09-03
Manchester,interest_led,live talks,live talks,live talks,,10,LOW,29,0.0000,0.0000,0.0000,2025-august:0|2025-september:10|2025-october:0|2025-november:0|2025-december:10|2026-january:10|2026-february:10|2026-march:10|2026-april:10|2026-may:10|2026-june:10|2026-july:10,generic_query_inside_local_geo_target,2026-09-03
Manchester,interest_led,book club,book club,book club,,140,LOW,22,1.2710,0.0000,0.0000,2025-august:110|2025-september:140|2025-october:210|2025-november:140|2025-december:140|2026-january:170|2026-february:140|2026-march:110|2026-april:90|2026-may:110|2026-june:110|2026-july:70,generic_query_inside_local_geo_target,2026-09-03
Manchester,interest_led,reading club,reading club,reading club,,10,LOW,0,0.0000,0.0000,0.0000,2025-august:0|2025-september:10|2025-october:10|2025-november:10|2025-december:10|2026-january:10|2026-february:10|2026-march:10|2026-april:10|2026-may:10|2026-june:10|2026-july:10,generic_query_inside_local_geo_target,2026-09-03
Manchester,interest_led,board game cafe,board game cafe,board game cafe,,260,LOW,1,0.0000,0.0000,0.0000,2025-august:320|2025-september:260|2025-october:390|2025-november:320|2025-december:210|2026-january:320|2026-february:210|2026-march:210|2026-april:210|2026-may:210|2026-june:210|2026-july:170,generic_query_inside_local_geo_target,2026-09-03
Manchester,interest_led,chess club,chess club,chess club,,30,LOW,0,0.0000,0.0000,0.0000,2025-august:20|2025-september:40|2025-october:20|2025-november:30|2025-december:20|2026-january:70|2026-february:10|2026-march:30|2026-april:20|2026-may:30|2026-june:30|2026-july:30,generic_query_inside_local_geo_target,2026-09-03
Manchester,interest_led,pottery classes,pottery classes,pottery classes,,140,HIGH,86,1.1103,0.4733,1.0463,2025-august:140|2025-september:140|2025-october:90|2025-november:170|2025-december:110|2026-january:170|2026-february:170|2026-march:170|2026-april:140|2026-may:110|2026-june:110|2026-july:90,generic_query_inside_local_geo_target,2026-09-03
Manchester,interest_led,pottery painting,pottery painting,pottery painting,,590,LOW,23,0.2001,0.3761,0.7498,2025-august:480|2025-september:480|2025-october:390|2025-november:480|2025-december:390|2026-january:720|2026-february:1000|2026-march:590|2026-april:480|2026-may:590|2026-june:480|2026-july:590,generic_query_inside_local_geo_target,2026-09-03
Manchester,interest_led,social sports,social sports,social sports,,10,LOW,0,0.0000,0.0000,0.0000,2025-august:10|2025-september:10|2025-october:10|2025-november:10|2025-december:10|2026-january:10|2026-february:10|2026-march:10|2026-april:10|2026-may:10|2026-june:10|2026-july:10,generic_query_inside_local_geo_target,2026-09-03
Manchester,dating,speed dating,speed dating,speed dating,,70,LOW,25,0.7974,0.3253,0.9658,2025-august:70|2025-september:70|2025-october:40|2025-november:50|2025-december:70|2026-january:110|2026-february:110|2026-march:70|2026-april:70|2026-may:70|2026-june:70|2026-july:70,generic_query_inside_local_geo_target,2026-09-03
Manchester,dating,singles events,singles events,singles events,,10,LOW,22,2.5916,0.0000,0.0000,2025-august:10|2025-september:10|2025-october:10|2025-november:10|2025-december:10|2026-january:10|2026-february:10|2026-march:10|2026-april:10|2026-may:10|2026-june:10|2026-july:10,generic_query_inside_local_geo_target,2026-09-03
Manchester,dating,singles nights,singles nights,singles nights,,10,LOW,10,0.0000,0.0000,0.0000,2025-august:10|2025-september:10|2025-october:0|2025-november:10|2025-december:10|2026-january:10|2026-february:10|2026-march:10|2026-april:10|2026-may:10|2026-june:10|2026-july:10,generic_query_inside_local_geo_target,2026-09-03
Manchester,broad_discovery,things to do,things to do,things to do,,8100,LOW,15,0.3441,0.6292,1.8559,2025-august:9900|2025-september:6600|2025-october:6600|2025-november:5400|2025-december:5400|2026-january:8100|2026-february:6600|2026-march:8100|2026-april:8100|2026-may:9900|2026-june:8100|2026-july:9900,generic_query_inside_local_geo_target,2026-09-03
Manchester,broad_discovery,events near me,events near me,events near me,,140,HIGH,99,0.3096,0.2166,0.9410,2025-august:260|2025-september:140|2025-october:110|2025-november:90|2025-december:110|2026-january:110|2026-february:90|2026-march:90|2026-april:110|2026-may:170|2026-june:170|2026-july:170,generic_query_inside_local_geo_target,2026-09-03
Leeds,friendship_discovery,social events,social events,social events,,10,LOW,0,0.0000,0.0000,0.0000,2025-august:10|2025-september:10|2025-october:10|2025-november:10|2025-december:10|2026-january:10|2026-february:20|2026-march:10|2026-april:10|2026-may:10|2026-june:10|2026-july:10,generic_query_inside_local_geo_target,2026-09-03
Leeds,friendship_discovery,social events near me,social events near me,social events near me,,10,LOW,7,0.0000,0.0000,0.0000,2025-august:10|2025-september:10|2025-october:10|2025-november:10|2025-december:10|2026-january:0|2026-february:10|2026-march:10|2026-april:10|2026-may:10|2026-june:10|2026-july:10,generic_query_inside_local_geo_target,2026-09-03
Leeds,friendship_discovery,meet new people,meet new people,meet new people,,10,LOW,7,0.0000,0.0000,0.0000,2025-august:10|2025-september:10|2025-october:10|2025-november:10|2025-december:10|2026-january:10|2026-february:10|2026-march:20|2026-april:10|2026-may:10|2026-june:10|2026-july:10,generic_query_inside_local_geo_target,2026-09-03
Leeds,friendship_discovery,make new friends,make new friends,make new friends,,10,MEDIUM,43,1.6623,0.4859,1.4056,2025-august:10|2025-september:10|2025-october:10|2025-november:10|2025-december:10|2026-january:10|2026-february:10|2026-march:10|2026-april:10|2026-may:10|2026-june:10|2026-july:10,generic_query_inside_local_geo_target,2026-09-03
Leeds,friendship_discovery,social groups near me,social groups near me,social groups near me,,10,LOW,4,0.0000,0.0000,0.0000,2025-august:10|2025-september:10|2025-october:10|2025-november:10|2025-december:10|2026-january:10|2026-february:10|2026-march:10|2026-april:10|2026-may:10|2026-june:10|2026-july:10,generic_query_inside_local_geo_target,2026-09-03
Leeds,friendship_discovery,dinner with strangers,dinner with strangers,dinner with strangers,,10,LOW,29,0.0000,0.0000,0.0000,2025-august:10|2025-september:10|2025-october:10|2025-november:10|2025-december:0|2026-january:10|2026-february:10|2026-march:0|2026-april:0|2026-may:0|2026-june:10|2026-july:10,generic_query_inside_local_geo_target,2026-09-03
Leeds,interest_led,public lectures,public lectures,public lectures,,10,LOW,0,0.0000,0.0000,0.0000,2025-august:10|2025-september:0|2025-october:10|2025-november:10|2025-december:0|2026-january:0|2026-february:10|2026-march:0|2026-april:0|2026-may:10|2026-june:10|2026-july:10,generic_query_inside_local_geo_target,2026-09-03
Leeds,interest_led,live talks,live talks,live talks,,10,HIGH,71,0.2448,0.0000,0.0000,2025-august:10|2025-september:10|2025-october:10|2025-november:10|2025-december:10|2026-january:10|2026-february:0|2026-march:10|2026-april:10|2026-may:0|2026-june:10|2026-july:10,generic_query_inside_local_geo_target,2026-09-03
Leeds,interest_led,book club,book club,book club,,170,LOW,13,0.2485,0.2256,0.9831,2025-august:110|2025-september:210|2025-october:390|2025-november:260|2025-december:140|2026-january:140|2026-february:170|2026-march:140|2026-april:90|2026-may:170|2026-june:110|2026-july:90,generic_query_inside_local_geo_target,2026-09-03
Leeds,interest_led,reading club,reading club,reading club,,10,LOW,2,0.0000,0.0000,0.0000,2025-august:10|2025-september:10|2025-october:10|2025-november:10|2025-december:10|2026-january:10|2026-february:10|2026-march:0|2026-april:10|2026-may:10|2026-june:0|2026-july:10,generic_query_inside_local_geo_target,2026-09-03
Leeds,interest_led,board game cafe,board game cafe,board game cafe,,90,LOW,2,0.0000,0.0000,0.0000,2025-august:110|2025-september:110|2025-october:170|2025-november:110|2025-december:90|2026-january:110|2026-february:70|2026-march:90|2026-april:70|2026-may:70|2026-june:70|2026-july:70,generic_query_inside_local_geo_target,2026-09-03
Leeds,interest_led,chess club,chess club,chess club,,20,LOW,3,0.0000,0.0000,0.0000,2025-august:20|2025-september:40|2025-october:10|2025-november:30|2025-december:10|2026-january:30|2026-february:30|2026-march:10|2026-april:10|2026-may:20|2026-june:10|2026-july:10,generic_query_inside_local_geo_target,2026-09-03
Leeds,interest_led,pottery classes,pottery classes,pottery classes,,90,HIGH,96,0.3427,0.2943,0.6954,2025-august:90|2025-september:90|2025-october:110|2025-november:90|2025-december:90|2026-january:110|2026-february:90|2026-march:90|2026-april:50|2026-may:50|2026-june:50|2026-july:50,generic_query_inside_local_geo_target,2026-09-03
Leeds,interest_led,pottery painting,pottery painting,pottery painting,,390,LOW,13,0.3324,0.4581,0.8803,2025-august:390|2025-september:390|2025-october:480|2025-november:390|2025-december:320|2026-january:320|2026-february:480|2026-march:320|2026-april:320|2026-may:320|2026-june:320|2026-july:390,generic_query_inside_local_geo_target,2026-09-03
Leeds,interest_led,social sports,social sports,social sports,,10,LOW,0,0.0000,0.0000,0.0000,2025-august:10|2025-september:10|2025-october:10|2025-november:10|2025-december:10|2026-january:0|2026-february:10|2026-march:10|2026-april:10|2026-may:10|2026-june:10|2026-july:10,generic_query_inside_local_geo_target,2026-09-03
Leeds,dating,speed dating,speed dating,speed dating,,50,LOW,22,0.8717,0.4142,1.8109,2025-august:70|2025-september:50|2025-october:50|2025-november:90|2025-december:40|2026-january:40|2026-february:30|2026-march:30|2026-april:50|2026-may:30|2026-june:50|2026-july:40,generic_query_inside_local_geo_target,2026-09-03
Leeds,dating,singles events,singles events,singles events,,10,LOW,21,0.0000,0.0000,0.0000,2025-august:10|2025-september:0|2025-october:10|2025-november:10|2025-december:10|2026-january:10|2026-february:10|2026-march:10|2026-april:10|2026-may:10|2026-june:10|2026-july:10,generic_query_inside_local_geo_target,2026-09-03
Leeds,dating,singles nights,singles nights,singles nights,,10,UNSPECIFIED,0,0.0000,0.0000,0.0000,2025-august:0|2025-september:10|2025-october:0|2025-november:10|2025-december:10|2026-january:10|2026-february:10|2026-march:10|2026-april:10|2026-may:10|2026-june:0|2026-july:0,generic_query_inside_local_geo_target,2026-09-03
Leeds,broad_discovery,things to do,things to do,things to do,,5400,LOW,15,0.3802,0.5319,1.8915,2025-august:8100|2025-september:5400|2025-october:5400|2025-november:3600|2025-december:3600|2026-january:5400|2026-february:4400|2026-march:5400|2026-april:5400|2026-may:6600|2026-june:5400|2026-july:5400,generic_query_inside_local_geo_target,2026-09-03
Leeds,broad_discovery,events near me,events near me,events near me,,110,HIGH,97,0.2696,0.2887,1.7362,2025-august:260|2025-september:140|2025-october:140|2025-november:110|2025-december:70|2026-january:50|2026-february:50|2026-march:70|2026-april:90|2026-may:140|2026-june:110|2026-july:170,generic_query_inside_local_geo_target,2026-09-03
Bristol,friendship_discovery,social events,social events,social events,,10,LOW,0,0.0000,0.0000,0.0000,2025-august:10|2025-september:10|2025-october:10|2025-november:10|2025-december:10|2026-january:10|2026-february:10|2026-march:10|2026-april:10|2026-may:10|2026-june:0|2026-july:10,generic_query_inside_local_geo_target,2026-09-03
Bristol,friendship_discovery,social events near me,social events near me,social events near me,,10,LOW,29,0.0000,0.0000,0.0000,2025-august:10|2025-september:10|2025-october:10|2025-november:10|2025-december:10|2026-january:10|2026-february:10|2026-march:10|2026-april:0|2026-may:10|2026-june:10|2026-july:10,generic_query_inside_local_geo_target,2026-09-03
Bristol,friendship_discovery,meet new people,meet new people,meet new people,,10,MEDIUM,35,4.3571,0.7000,2.3886,2025-august:10|2025-september:10|2025-october:10|2025-november:10|2025-december:10|2026-january:10|2026-february:10|2026-march:10|2026-april:10|2026-may:10|2026-june:10|2026-july:10,generic_query_inside_local_geo_target,2026-09-03
Bristol,friendship_discovery,make new friends,make new friends,make new friends,,10,LOW,17,0.5391,0.0000,0.0000,2025-august:10|2025-september:10|2025-october:10|2025-november:10|2025-december:10|2026-january:10|2026-february:10|2026-march:10|2026-april:10|2026-may:10|2026-june:10|2026-july:10,generic_query_inside_local_geo_target,2026-09-03
Bristol,friendship_discovery,social groups near me,social groups near me,social groups near me,,10,LOW,21,0.0000,0.0000,0.0000,2025-august:10|2025-september:10|2025-october:10|2025-november:10|2025-december:10|2026-january:10|2026-february:10|2026-march:10|2026-april:10|2026-may:10|2026-june:10|2026-july:10,generic_query_inside_local_geo_target,2026-09-03
Bristol,friendship_discovery,dinner with strangers,dinner with strangers,dinner with strangers,,10,UNSPECIFIED,0,0.0000,0.0000,0.0000,2025-august:10|2025-september:10|2025-october:10|2025-november:10|2025-december:10|2026-january:10|2026-february:10|2026-march:10|2026-april:10|2026-may:10|2026-june:10|2026-july:0,generic_query_inside_local_geo_target,2026-09-03
Bristol,interest_led,public lectures,public lectures,public lectures,,10,LOW,0,0.0000,0.0000,0.0000,2025-august:10|2025-september:0|2025-october:0|2025-november:0|2025-december:10|2026-january:10|2026-february:10|2026-march:10|2026-april:10|2026-may:10|2026-june:10|2026-july:10,generic_query_inside_local_geo_target,2026-09-03
Bristol,interest_led,live talks,live talks,live talks,,10,MEDIUM,57,0.0000,0.0000,0.0000,2025-august:10|2025-september:10|2025-october:10|2025-november:0|2025-december:10|2026-january:0|2026-february:10|2026-march:10|2026-april:0|2026-may:0|2026-june:10|2026-july:10,generic_query_inside_local_geo_target,2026-09-03
Bristol,interest_led,book club,book club,book club,,110,MEDIUM,39,0.0118,0.0000,0.0000,2025-august:110|2025-september:70|2025-october:320|2025-november:170|2025-december:140|2026-january:140|2026-february:110|2026-march:90|2026-april:90|2026-may:50|2026-june:50|2026-july:50,generic_query_inside_local_geo_target,2026-09-03
Bristol,interest_led,reading club,reading club,reading club,,10,LOW,0,0.0000,0.0000,0.0000,2025-august:10|2025-september:10|2025-october:10|2025-november:10|2025-december:10|2026-january:10|2026-february:10|2026-march:10|2026-april:10|2026-may:10|2026-june:10|2026-july:10,generic_query_inside_local_geo_target,2026-09-03
Bristol,interest_led,board game cafe,board game cafe,board game cafe,,260,LOW,6,0.0779,0.0000,0.0000,2025-august:320|2025-september:260|2025-october:320|2025-november:390|2025-december:260|2026-january:390|2026-february:390|2026-march:210|2026-april:210|2026-may:210|2026-june:140|2026-july:140,generic_query_inside_local_geo_target,2026-09-03
Bristol,interest_led,chess club,chess club,chess club,,20,LOW,0,0.0000,0.0000,0.0000,2025-august:20|2025-september:40|2025-october:20|2025-november:20|2025-december:30|2026-january:20|2026-february:50|2026-march:10|2026-april:10|2026-may:20|2026-june:10|2026-july:20,generic_query_inside_local_geo_target,2026-09-03
Bristol,interest_led,pottery classes,pottery classes,pottery classes,,110,MEDIUM,61,0.6346,0.2973,0.6093,2025-august:90|2025-september:110|2025-october:110|2025-november:110|2025-december:110|2026-january:140|2026-february:140|2026-march:170|2026-april:140|2026-may:90|2026-june:90|2026-july:70,generic_query_inside_local_geo_target,2026-09-03
Bristol,interest_led,pottery painting,pottery painting,pottery painting,,390,LOW,13,0.2174,0.0000,0.0000,2025-august:390|2025-september:320|2025-october:590|2025-november:390|2025-december:320|2026-january:590|2026-february:720|2026-march:590|2026-april:390|2026-may:320|2026-june:260|2026-july:320,generic_query_inside_local_geo_target,2026-09-03
Bristol,interest_led,social sports,social sports,social sports,,10,LOW,0,0.0000,0.0000,0.0000,2025-august:10|2025-september:10|2025-october:10|2025-november:10|2025-december:10|2026-january:10|2026-february:10|2026-march:10|2026-april:10|2026-may:10|2026-june:10|2026-july:10,generic_query_inside_local_geo_target,2026-09-03
Bristol,dating,speed dating,speed dating,speed dating,,50,MEDIUM,39,1.5112,0.5095,1.5348,2025-august:70|2025-september:70|2025-october:50|2025-november:70|2025-december:50|2026-january:50|2026-february:70|2026-march:70|2026-april:50|2026-may:20|2026-june:50|2026-july:20,generic_query_inside_local_geo_target,2026-09-03
Bristol,dating,singles events,singles events,singles events,,10,LOW,29,0.0000,0.0000,0.0000,2025-august:10|2025-september:10|2025-october:10|2025-november:10|2025-december:10|2026-january:10|2026-february:10|2026-march:10|2026-april:10|2026-may:10|2026-june:10|2026-july:10,generic_query_inside_local_geo_target,2026-09-03
Bristol,dating,singles nights,singles nights,singles nights,,10,LOW,18,0.0000,0.0000,0.0000,2025-august:10|2025-september:10|2025-october:10|2025-november:0|2025-december:10|2026-january:10|2026-february:10|2026-march:10|2026-april:10|2026-may:0|2026-june:10|2026-july:10,generic_query_inside_local_geo_target,2026-09-03
Bristol,broad_discovery,things to do,things to do,things to do,,6600,LOW,15,0.1887,0.5549,2.3981,2025-august:9900|2025-september:6600|2025-october:6600|2025-november:5400|2025-december:4400|2026-january:8100|2026-february:6600|2026-march:8100|2026-april:8100|2026-may:6600|2026-june:6600|2026-july:6600,generic_query_inside_local_geo_target,2026-09-03
Bristol,broad_discovery,events near me,events near me,events near me,,110,HIGH,100,0.3881,0.4442,1.0744,2025-august:210|2025-september:90|2025-october:90|2025-november:90|2025-december:90|2026-january:90|2026-february:110|2026-march:110|2026-april:110|2026-may:170|2026-june:110|2026-july:110,generic_query_inside_local_geo_target,2026-09-03
Nottingham,friendship_discovery,social events,social events,social events,,10,UNSPECIFIED,0,0.0000,0.0000,0.0000,2025-august:0|2025-september:10|2025-october:10|2025-november:10|2025-december:10|2026-january:0|2026-february:0|2026-march:10|2026-april:10|2026-may:10|2026-june:0|2026-july:0,generic_query_inside_local_geo_target,2026-09-03
Nottingham,friendship_discovery,social events near me,social events near me,social events near me,,10,UNSPECIFIED,0,0.0000,0.0000,0.0000,2025-august:0|2025-september:0|2025-october:0|2025-november:0|2025-december:0|2026-january:0|2026-february:0|2026-march:0|2026-april:10|2026-may:0|2026-june:0|2026-july:0,generic_query_inside_local_geo_target,2026-09-03
Nottingham,friendship_discovery,meet new people,meet new people,meet new people,,10,UNSPECIFIED,0,0.0000,0.0000,0.0000,2025-august:0|2025-september:0|2025-october:0|2025-november:0|2025-december:0|2026-january:0|2026-february:10|2026-march:0|2026-april:10|2026-may:0|2026-june:10|2026-july:0,generic_query_inside_local_geo_target,2026-09-03
Nottingham,friendship_discovery,make new friends,make new friends,make new friends,,10,HIGH,86,0.0000,0.0000,0.0000,2025-august:0|2025-september:10|2025-october:0|2025-november:10|2025-december:0|2026-january:0|2026-february:10|2026-march:0|2026-april:0|2026-may:0|2026-june:10|2026-july:10,generic_query_inside_local_geo_target,2026-09-03
Nottingham,friendship_discovery,social groups near me,social groups near me,social groups near me,,10,UNSPECIFIED,0,0.0000,0.0000,0.0000,2025-august:10|2025-september:10|2025-october:0|2025-november:10|2025-december:0|2026-january:0|2026-february:0|2026-march:10|2026-april:0|2026-may:0|2026-june:0|2026-july:0,generic_query_inside_local_geo_target,2026-09-03
Nottingham,friendship_discovery,dinner with strangers,dinner with strangers,dinner with strangers,,10,LOW,0,0.0000,0.0000,0.0000,2025-august:0|2025-september:10|2025-october:0|2025-november:0|2025-december:0|2026-january:0|2026-february:0|2026-march:0|2026-april:0|2026-may:0|2026-june:0|2026-july:10,generic_query_inside_local_geo_target,2026-09-03
Nottingham,interest_led,public lectures,public lectures,public lectures,,10,UNSPECIFIED,0,0.0000,0.0000,0.0000,2025-august:0|2025-september:0|2025-october:0|2025-november:0|2025-december:0|2026-january:0|2026-february:0|2026-march:10|2026-april:0|2026-may:0|2026-june:0|2026-july:0,generic_query_inside_local_geo_target,2026-09-03
Nottingham,interest_led,live talks,live talks,live talks,,0,UNSPECIFIED,0,0.0000,0.0000,0.0000,2025-august:0|2025-september:0|2025-october:0|2025-november:0|2025-december:0|2026-january:0|2026-february:0|2026-march:0|2026-april:0|2026-may:0|2026-june:0|2026-july:0,generic_query_inside_local_geo_target,2026-09-03
Nottingham,interest_led,book club,book club,book club,,10,LOW,0,0.0000,0.0000,0.0000,2025-august:10|2025-september:10|2025-october:20|2025-november:10|2025-december:10|2026-january:10|2026-february:10|2026-march:10|2026-april:10|2026-may:10|2026-june:10|2026-july:10,generic_query_inside_local_geo_target,2026-09-03
Nottingham,interest_led,reading club,reading club,reading club,,10,UNSPECIFIED,0,0.0000,0.0000,0.0000,2025-august:0|2025-september:0|2025-october:0|2025-november:0|2025-december:0|2026-january:10|2026-february:0|2026-march:10|2026-april:0|2026-may:10|2026-june:0|2026-july:0,generic_query_inside_local_geo_target,2026-09-03
Nottingham,interest_led,board game cafe,board game cafe,board game cafe,,30,LOW,5,0.0139,0.0000,0.0000,2025-august:40|2025-september:30|2025-october:90|2025-november:50|2025-december:20|2026-january:40|2026-february:20|2026-march:20|2026-april:10|2026-may:20|2026-june:20|2026-july:20,generic_query_inside_local_geo_target,2026-09-03
Nottingham,interest_led,chess club,chess club,chess club,,10,LOW,10,0.0000,0.0000,0.0000,2025-august:10|2025-september:10|2025-october:10|2025-november:0|2025-december:10|2026-january:10|2026-february:0|2026-march:10|2026-april:10|2026-may:10|2026-june:10|2026-july:10,generic_query_inside_local_geo_target,2026-09-03
Nottingham,interest_led,pottery classes,pottery classes,pottery classes,,10,HIGH,79,0.1066,0.0000,0.0000,2025-august:20|2025-september:10|2025-october:10|2025-november:20|2025-december:10|2026-january:20|2026-february:30|2026-march:10|2026-april:10|2026-may:10|2026-june:10|2026-july:10,generic_query_inside_local_geo_target,2026-09-03
Nottingham,interest_led,pottery painting,pottery painting,pottery painting,,40,LOW,32,0.0000,0.0000,0.0000,2025-august:40|2025-september:30|2025-october:40|2025-november:40|2025-december:30|2026-january:50|2026-february:70|2026-march:50|2026-april:20|2026-may:20|2026-june:30|2026-july:30,generic_query_inside_local_geo_target,2026-09-03
Nottingham,interest_led,social sports,social sports,social sports,,10,UNSPECIFIED,0,0.0000,0.0000,0.0000,2025-august:0|2025-september:0|2025-october:0|2025-november:0|2025-december:0|2026-january:10|2026-february:10|2026-march:10|2026-april:0|2026-may:0|2026-june:10|2026-july:0,generic_query_inside_local_geo_target,2026-09-03
Nottingham,dating,speed dating,speed dating,speed dating,,10,HIGH,68,0.0000,0.4880,1.1624,2025-august:10|2025-september:10|2025-october:10|2025-november:10|2025-december:10|2026-january:10|2026-february:10|2026-march:10|2026-april:10|2026-may:10|2026-june:10|2026-july:10,generic_query_inside_local_geo_target,2026-09-03
Nottingham,dating,singles events,singles events,singles events,,10,UNSPECIFIED,0,0.0000,0.0000,0.0000,2025-august:10|2025-september:0|2025-october:10|2025-november:10|2025-december:0|2026-january:0|2026-february:10|2026-march:10|2026-april:0|2026-may:0|2026-june:0|2026-july:0,generic_query_inside_local_geo_target,2026-09-03
Nottingham,dating,singles nights,singles nights,singles nights,,10,UNSPECIFIED,0,0.0000,0.0000,0.0000,2025-august:0|2025-september:0|2025-october:0|2025-november:0|2025-december:0|2026-january:0|2026-february:0|2026-march:10|2026-april:0|2026-may:0|2026-june:0|2026-july:0,generic_query_inside_local_geo_target,2026-09-03
Nottingham,broad_discovery,things to do,things to do,things to do,,480,LOW,18,0.5861,0.0000,0.0000,2025-august:590|2025-september:480|2025-october:590|2025-november:260|2025-december:320|2026-january:390|2026-february:480|2026-march:480|2026-april:480|2026-may:480|2026-june:320|2026-july:480,generic_query_inside_local_geo_target,2026-09-03
Nottingham,broad_discovery,events near me,events near me,events near me,,10,HIGH,100,0.0734,0.0000,0.0000,2025-august:20|2025-september:10|2025-october:10|2025-november:10|2025-december:10|2026-january:10|2026-february:10|2026-march:10|2026-april:20|2026-may:10|2026-june:10|2026-july:20,generic_query_inside_local_geo_target,2026-09-03
Southampton,friendship_discovery,social events,social events,social events,,10,UNSPECIFIED,0,0.0000,0.0000,0.0000,2025-august:10|2025-september:10|2025-october:10|2025-november:10|2025-december:0|2026-january:0|2026-february:10|2026-march:10|2026-april:10|2026-may:0|2026-june:10|2026-july:0,generic_query_inside_local_geo_target,2026-09-03
Southampton,friendship_discovery,social events near me,social events near me,social events near me,,10,LOW,0,0.0000,0.0000,0.0000,2025-august:0|2025-september:10|2025-october:10|2025-november:10|2025-december:0|2026-january:0|2026-february:10|2026-march:0|2026-april:0|2026-may:10|2026-june:0|2026-july:10,generic_query_inside_local_geo_target,2026-09-03
Southampton,friendship_discovery,meet new people,meet new people,meet new people,,10,HIGH,67,1.7794,0.0000,0.0000,2025-august:10|2025-september:0|2025-october:10|2025-november:0|2025-december:10|2026-january:0|2026-february:0|2026-march:10|2026-april:10|2026-may:10|2026-june:0|2026-july:10,generic_query_inside_local_geo_target,2026-09-03
Southampton,friendship_discovery,make new friends,make new friends,make new friends,,10,MEDIUM,36,3.2158,0.0000,0.0000,2025-august:0|2025-september:0|2025-october:0|2025-november:0|2025-december:10|2026-january:10|2026-february:10|2026-march:10|2026-april:10|2026-may:10|2026-june:0|2026-july:10,generic_query_inside_local_geo_target,2026-09-03
Southampton,friendship_discovery,social groups near me,social groups near me,social groups near me,,10,UNSPECIFIED,0,0.0000,0.0000,0.0000,2025-august:0|2025-september:0|2025-october:0|2025-november:10|2025-december:10|2026-january:0|2026-february:0|2026-march:10|2026-april:10|2026-may:10|2026-june:10|2026-july:0,generic_query_inside_local_geo_target,2026-09-03
Southampton,friendship_discovery,dinner with strangers,dinner with strangers,dinner with strangers,,10,UNSPECIFIED,0,0.0000,0.0000,0.0000,2025-august:0|2025-september:0|2025-october:10|2025-november:0|2025-december:0|2026-january:0|2026-february:10|2026-march:0|2026-april:0|2026-may:10|2026-june:0|2026-july:0,generic_query_inside_local_geo_target,2026-09-03
Southampton,interest_led,public lectures,public lectures,public lectures,,10,UNSPECIFIED,0,0.0000,0.0000,0.0000,2025-august:0|2025-september:0|2025-october:10|2025-november:0|2025-december:0|2026-january:0|2026-february:10|2026-march:0|2026-april:0|2026-may:10|2026-june:10|2026-july:0,generic_query_inside_local_geo_target,2026-09-03
Southampton,interest_led,live talks,live talks,live talks,,10,LOW,0,0.0000,0.0000,0.0000,2025-august:0|2025-september:0|2025-october:0|2025-november:0|2025-december:10|2026-january:0|2026-february:0|2026-march:0|2026-april:0|2026-may:0|2026-june:0|2026-july:10,generic_query_inside_local_geo_target,2026-09-03
Southampton,interest_led,book club,book club,book club,,10,LOW,5,0.9588,0.0000,0.0000,2025-august:10|2025-september:10|2025-october:40|2025-november:20|2025-december:10|2026-january:10|2026-february:10|2026-march:10|2026-april:10|2026-may:10|2026-june:10|2026-july:20,generic_query_inside_local_geo_target,2026-09-03
Southampton,interest_led,reading club,reading club,reading club,,10,LOW,1,0.0000,0.0000,0.0000,2025-august:0|2025-september:10|2025-october:0|2025-november:10|2025-december:10|2026-january:10|2026-february:10|2026-march:10|2026-april:10|2026-may:10|2026-june:10|2026-july:10,generic_query_inside_local_geo_target,2026-09-03
Southampton,interest_led,board game cafe,board game cafe,board game cafe,,30,LOW,3,0.1141,0.0000,0.0000,2025-august:20|2025-september:20|2025-october:30|2025-november:30|2025-december:20|2026-january:30|2026-february:30|2026-march:20|2026-april:40|2026-may:70|2026-june:30|2026-july:50,generic_query_inside_local_geo_target,2026-09-03
Southampton,interest_led,chess club,chess club,chess club,,10,LOW,0,0.0000,0.0000,0.0000,2025-august:10|2025-september:0|2025-october:0|2025-november:10|2025-december:0|2026-january:10|2026-february:10|2026-march:0|2026-april:10|2026-may:10|2026-june:10|2026-july:10,generic_query_inside_local_geo_target,2026-09-03
Southampton,interest_led,pottery classes,pottery classes,pottery classes,,20,HIGH,82,0.4078,0.0000,0.0000,2025-august:10|2025-september:10|2025-october:20|2025-november:10|2025-december:10|2026-january:20|2026-february:30|2026-march:20|2026-april:50|2026-may:30|2026-june:20|2026-july:20,generic_query_inside_local_geo_target,2026-09-03
Southampton,interest_led,pottery painting,pottery painting,pottery painting,,90,LOW,14,0.1847,0.0000,0.0000,2025-august:70|2025-september:50|2025-october:70|2025-november:90|2025-december:50|2026-january:90|2026-february:110|2026-march:70|2026-april:90|2026-may:140|2026-june:110|2026-july:170,generic_query_inside_local_geo_target,2026-09-03
Southampton,interest_led,social sports,social sports,social sports,,10,LOW,0,0.0000,0.0000,0.0000,2025-august:0|2025-september:0|2025-october:0|2025-november:0|2025-december:0|2026-january:10|2026-february:0|2026-march:0|2026-april:0|2026-may:10|2026-june:10|2026-july:10,generic_query_inside_local_geo_target,2026-09-03
Southampton,dating,speed dating,speed dating,speed dating,,20,LOW,23,7.8944,0.8203,2.0577,2025-august:10|2025-september:10|2025-october:10|2025-november:10|2025-december:10|2026-january:10|2026-february:10|2026-march:10|2026-april:20|2026-may:30|2026-june:20|2026-july:40,generic_query_inside_local_geo_target,2026-09-03
Southampton,dating,singles events,singles events,singles events,,10,LOW,0,0.0000,0.0000,0.0000,2025-august:0|2025-september:0|2025-october:10|2025-november:0|2025-december:10|2026-january:10|2026-february:0|2026-march:10|2026-april:10|2026-may:10|2026-june:10|2026-july:10,generic_query_inside_local_geo_target,2026-09-03
Southampton,dating,singles nights,singles nights,singles nights,,10,UNSPECIFIED,0,0.0000,0.0000,0.0000,2025-august:0|2025-september:0|2025-october:0|2025-november:0|2025-december:10|2026-january:0|2026-february:0|2026-march:0|2026-april:0|2026-may:10|2026-june:10|2026-july:0,generic_query_inside_local_geo_target,2026-09-03
Southampton,broad_discovery,things to do,things to do,things to do,,1600,LOW,13,0.2009,0.4664,1.2929,2025-august:1300|2025-september:880|2025-october:1000|2025-november:720|2025-december:880|2026-january:1300|2026-february:1000|2026-march:1300|2026-april:1600|2026-may:2900|2026-june:2900|2026-july:3600,generic_query_inside_local_geo_target,2026-09-03
Southampton,broad_discovery,events near me,events near me,events near me,,40,HIGH,100,0.2943,0.2534,1.1553,2025-august:40|2025-september:20|2025-october:20|2025-november:20|2025-december:10|2026-january:10|2026-february:10|2026-march:20|2026-april:30|2026-may:90|2026-june:70|2026-july:90,generic_query_inside_local_geo_target,2026-09-03
Reading,friendship_discovery,social events,social events,social events,,10,UNSPECIFIED,0,0.0000,0.0000,0.0000,2025-august:10|2025-september:10|2025-october:10|2025-november:0|2025-december:0|2026-january:10|2026-february:0|2026-march:10|2026-april:10|2026-may:10|2026-june:10|2026-july:0,generic_query_inside_local_geo_target,2026-09-03
Reading,friendship_discovery,social events near me,social events near me,social events near me,,10,UNSPECIFIED,0,0.0000,0.0000,0.0000,2025-august:0|2025-september:0|2025-october:10|2025-november:0|2025-december:0|2026-january:10|2026-february:10|2026-march:10|2026-april:0|2026-may:0|2026-june:10|2026-july:0,generic_query_inside_local_geo_target,2026-09-03
Reading,friendship_discovery,meet new people,meet new people,meet new people,,10,HIGH,86,1.6769,0.0000,0.0000,2025-august:10|2025-september:10|2025-october:10|2025-november:10|2025-december:10|2026-january:10|2026-february:0|2026-march:10|2026-april:0|2026-may:10|2026-june:0|2026-july:10,generic_query_inside_local_geo_target,2026-09-03
Reading,friendship_discovery,make new friends,make new friends,make new friends,,10,UNSPECIFIED,0,0.0000,0.0000,0.0000,2025-august:10|2025-september:10|2025-october:10|2025-november:10|2025-december:10|2026-january:10|2026-february:0|2026-march:10|2026-april:0|2026-may:0|2026-june:0|2026-july:0,generic_query_inside_local_geo_target,2026-09-03
Reading,friendship_discovery,social groups near me,social groups near me,social groups near me,,10,UNSPECIFIED,0,0.0000,0.0000,0.0000,2025-august:10|2025-september:10|2025-october:10|2025-november:10|2025-december:10|2026-january:10|2026-february:10|2026-march:0|2026-april:0|2026-may:10|2026-june:10|2026-july:0,generic_query_inside_local_geo_target,2026-09-03
Reading,friendship_discovery,dinner with strangers,dinner with strangers,dinner with strangers,,10,UNSPECIFIED,0,0.0000,0.0000,0.0000,2025-august:10|2025-september:10|2025-october:0|2025-november:10|2025-december:10|2026-january:10|2026-february:0|2026-march:0|2026-april:0|2026-may:0|2026-june:0|2026-july:0,generic_query_inside_local_geo_target,2026-09-03
Reading,interest_led,public lectures,public lectures,public lectures,,10,LOW,0,0.0000,0.0000,0.0000,2025-august:0|2025-september:10|2025-october:0|2025-november:10|2025-december:0|2026-january:10|2026-february:10|2026-march:10|2026-april:0|2026-may:0|2026-june:10|2026-july:10,generic_query_inside_local_geo_target,2026-09-03
Reading,interest_led,live talks,live talks,live talks,,10,UNSPECIFIED,0,0.0000,0.0000,0.0000,2025-august:0|2025-september:0|2025-october:0|2025-november:0|2025-december:0|2026-january:0|2026-february:10|2026-march:10|2026-april:10|2026-may:0|2026-june:0|2026-july:0,generic_query_inside_local_geo_target,2026-09-03
Reading,interest_led,book club,book club,book club,,30,LOW,0,0.0000,0.0000,0.0000,2025-august:20|2025-september:30|2025-october:70|2025-november:40|2025-december:20|2026-january:30|2026-february:30|2026-march:20|2026-april:20|2026-may:10|2026-june:10|2026-july:10,generic_query_inside_local_geo_target,2026-09-03
Reading,interest_led,reading club,reading club,reading club,,110,LOW,8,0.3268,0.0000,0.0000,2025-august:140|2025-september:110|2025-october:170|2025-november:90|2025-december:110|2026-january:90|2026-february:90|2026-march:90|2026-april:90|2026-may:110|2026-june:70|2026-july:90,generic_query_inside_local_geo_target,2026-09-03
Reading,interest_led,board game cafe,board game cafe,board game cafe,,40,LOW,3,0.0000,0.0000,0.0000,2025-august:40|2025-september:30|2025-october:50|2025-november:50|2025-december:70|2026-january:70|2026-february:50|2026-march:50|2026-april:20|2026-may:20|2026-june:20|2026-july:20,generic_query_inside_local_geo_target,2026-09-03
Reading,interest_led,chess club,chess club,chess club,,10,LOW,0,0.0000,0.0000,0.0000,2025-august:10|2025-september:10|2025-october:10|2025-november:10|2025-december:10|2026-january:10|2026-february:10|2026-march:10|2026-april:0|2026-may:20|2026-june:10|2026-july:10,generic_query_inside_local_geo_target,2026-09-03
Reading,interest_led,pottery classes,pottery classes,pottery classes,,30,HIGH,98,0.3604,0.0000,0.0000,2025-august:30|2025-september:20|2025-october:20|2025-november:40|2025-december:30|2026-january:30|2026-february:50|2026-march:30|2026-april:20|2026-may:30|2026-june:30|2026-july:40,generic_query_inside_local_geo_target,2026-09-03
Reading,interest_led,pottery painting,pottery painting,pottery painting,,110,LOW,8,0.0145,0.0000,0.0000,2025-august:110|2025-september:110|2025-october:140|2025-november:110|2025-december:110|2026-january:170|2026-february:170|2026-march:140|2026-april:110|2026-may:110|2026-june:70|2026-july:90,generic_query_inside_local_geo_target,2026-09-03
Reading,interest_led,social sports,social sports,social sports,,10,UNSPECIFIED,0,0.0000,0.0000,0.0000,2025-august:0|2025-september:0|2025-october:0|2025-november:10|2025-december:10|2026-january:0|2026-february:10|2026-march:10|2026-april:10|2026-may:0|2026-june:0|2026-july:0,generic_query_inside_local_geo_target,2026-09-03
Reading,dating,speed dating,speed dating,speed dating,,20,LOW,10,0.0000,0.0000,0.0000,2025-august:30|2025-september:20|2025-october:30|2025-november:30|2025-december:20|2026-january:30|2026-february:20|2026-march:10|2026-april:10|2026-may:10|2026-june:10|2026-july:10,generic_query_inside_local_geo_target,2026-09-03
Reading,dating,singles events,singles events,singles events,,10,LOW,0,0.0000,0.0000,0.0000,2025-august:0|2025-september:10|2025-october:0|2025-november:10|2025-december:10|2026-january:10|2026-february:0|2026-march:0|2026-april:10|2026-may:0|2026-june:10|2026-july:10,generic_query_inside_local_geo_target,2026-09-03
Reading,dating,singles nights,singles nights,singles nights,,10,MEDIUM,43,0.0000,0.0000,0.0000,2025-august:0|2025-september:10|2025-october:0|2025-november:0|2025-december:0|2026-january:10|2026-february:0|2026-march:0|2026-april:0|2026-may:10|2026-june:0|2026-july:10,generic_query_inside_local_geo_target,2026-09-03
Reading,broad_discovery,things to do,things to do,things to do,,2400,LOW,11,0.1741,0.4731,1.4085,2025-august:3600|2025-september:1900|2025-october:2400|2025-november:1900|2025-december:1600|2026-january:1900|2026-february:1600|2026-march:2400|2026-april:2400|2026-may:2900|2026-june:1900|2026-july:1900,generic_query_inside_local_geo_target,2026-09-03
Reading,broad_discovery,events near me,events near me,events near me,,50,HIGH,100,0.7760,0.3854,1.4828,2025-august:90|2025-september:40|2025-october:50|2025-november:40|2025-december:40|2026-january:30|2026-february:30|2026-march:50|2026-april:30|2026-may:70|2026-june:50|2026-july:40,generic_query_inside_local_geo_target,2026-09-03
Edinburgh,friendship_discovery,social events,social events,social events,,10,UNSPECIFIED,0,0.0000,0.0000,0.0000,2025-august:10|2025-september:10|2025-october:10|2025-november:10|2025-december:10|2026-january:10|2026-february:10|2026-march:10|2026-april:10|2026-may:10|2026-june:10|2026-july:0,generic_query_inside_local_geo_target,2026-09-03
Edinburgh,friendship_discovery,social events near me,social events near me,social events near me,,10,LOW,0,0.0000,0.0000,0.0000,2025-august:10|2025-september:10|2025-october:10|2025-november:10|2025-december:10|2026-january:10|2026-february:0|2026-march:0|2026-april:10|2026-may:10|2026-june:0|2026-july:10,generic_query_inside_local_geo_target,2026-09-03
Edinburgh,friendship_discovery,meet new people,meet new people,meet new people,,10,MEDIUM,36,0.0000,0.0000,0.0000,2025-august:10|2025-september:10|2025-october:10|2025-november:10|2025-december:10|2026-january:10|2026-february:10|2026-march:10|2026-april:10|2026-may:10|2026-june:10|2026-july:10,generic_query_inside_local_geo_target,2026-09-03
Edinburgh,friendship_discovery,make new friends,make new friends,make new friends,,10,UNSPECIFIED,0,0.0000,0.0000,0.0000,2025-august:10|2025-september:10|2025-october:10|2025-november:0|2025-december:10|2026-january:10|2026-february:10|2026-march:10|2026-april:10|2026-may:10|2026-june:10|2026-july:0,generic_query_inside_local_geo_target,2026-09-03
Edinburgh,friendship_discovery,social groups near me,social groups near me,social groups near me,,10,LOW,21,2.0003,0.0000,0.0000,2025-august:10|2025-september:10|2025-october:10|2025-november:10|2025-december:0|2026-january:0|2026-february:10|2026-march:10|2026-april:10|2026-may:10|2026-june:10|2026-july:10,generic_query_inside_local_geo_target,2026-09-03
Edinburgh,friendship_discovery,dinner with strangers,dinner with strangers,dinner with strangers,,10,LOW,0,0.0000,0.0000,0.0000,2025-august:10|2025-september:10|2025-october:10|2025-november:10|2025-december:0|2026-january:10|2026-february:10|2026-march:0|2026-april:10|2026-may:10|2026-june:10|2026-july:10,generic_query_inside_local_geo_target,2026-09-03
Edinburgh,interest_led,public lectures,public lectures,public lectures,,10,LOW,0,0.0000,0.0000,0.0000,2025-august:0|2025-september:10|2025-october:0|2025-november:10|2025-december:0|2026-january:10|2026-february:10|2026-march:10|2026-april:0|2026-may:0|2026-june:0|2026-july:10,generic_query_inside_local_geo_target,2026-09-03
Edinburgh,interest_led,live talks,live talks,live talks,,10,LOW,14,0.8268,0.0000,0.0000,2025-august:10|2025-september:10|2025-october:0|2025-november:10|2025-december:0|2026-january:10|2026-february:10|2026-march:0|2026-april:0|2026-may:10|2026-june:0|2026-july:10,generic_query_inside_local_geo_target,2026-09-03
Edinburgh,interest_led,book club,book club,book club,,90,LOW,12,4.1721,0.5205,2.0780,2025-august:90|2025-september:70|2025-october:260|2025-november:140|2025-december:90|2026-january:110|2026-february:90|2026-march:90|2026-april:70|2026-may:70|2026-june:50|2026-july:50,generic_query_inside_local_geo_target,2026-09-03
Edinburgh,interest_led,reading club,reading club,reading club,,10,UNSPECIFIED,0,0.0000,0.0000,0.0000,2025-august:10|2025-september:10|2025-october:10|2025-november:10|2025-december:10|2026-january:10|2026-february:10|2026-march:10|2026-april:10|2026-may:10|2026-june:10|2026-july:0,generic_query_inside_local_geo_target,2026-09-03
Edinburgh,interest_led,board game cafe,board game cafe,board game cafe,,110,LOW,2,0.4163,0.0000,0.0000,2025-august:90|2025-september:110|2025-october:210|2025-november:140|2025-december:110|2026-january:140|2026-february:140|2026-march:90|2026-april:90|2026-may:70|2026-june:50|2026-july:110,generic_query_inside_local_geo_target,2026-09-03
Edinburgh,interest_led,chess club,chess club,chess club,,20,LOW,0,0.0000,0.0000,0.0000,2025-august:30|2025-september:20|2025-october:30|2025-november:30|2025-december:10|2026-january:20|2026-february:10|2026-march:20|2026-april:30|2026-may:10|2026-june:10|2026-july:10,generic_query_inside_local_geo_target,2026-09-03
Edinburgh,interest_led,pottery classes,pottery classes,pottery classes,,90,LOW,33,0.0000,0.0000,0.0000,2025-august:70|2025-september:110|2025-october:70|2025-november:70|2025-december:70|2026-january:210|2026-february:140|2026-march:110|2026-april:90|2026-may:70|2026-june:90|2026-july:70,generic_query_inside_local_geo_target,2026-09-03
Edinburgh,interest_led,pottery painting,pottery painting,pottery painting,,170,LOW,10,0.7561,0.0000,0.0000,2025-august:140|2025-september:170|2025-october:210|2025-november:170|2025-december:110|2026-january:260|2026-february:260|2026-march:260|2026-april:170|2026-may:140|2026-june:140|2026-july:140,generic_query_inside_local_geo_target,2026-09-03
Edinburgh,interest_led,social sports,social sports,social sports,,10,LOW,0,0.0000,0.0000,0.0000,2025-august:10|2025-september:10|2025-october:10|2025-november:10|2025-december:10|2026-january:10|2026-february:10|2026-march:10|2026-april:10|2026-may:10|2026-june:10|2026-july:10,generic_query_inside_local_geo_target,2026-09-03
Edinburgh,dating,speed dating,speed dating,speed dating,,40,LOW,23,0.8198,0.6971,2.1885,2025-august:50|2025-september:30|2025-october:40|2025-november:40|2025-december:30|2026-january:40|2026-february:50|2026-march:40|2026-april:30|2026-may:30|2026-june:30|2026-july:20,generic_query_inside_local_geo_target,2026-09-03
Edinburgh,dating,singles events,singles events,singles events,,10,UNSPECIFIED,0,0.0000,0.0000,0.0000,2025-august:0|2025-september:10|2025-october:10|2025-november:10|2025-december:10|2026-january:10|2026-february:10|2026-march:10|2026-april:10|2026-may:10|2026-june:0|2026-july:0,generic_query_inside_local_geo_target,2026-09-03
Edinburgh,dating,singles nights,singles nights,singles nights,,10,LOW,0,0.0000,0.0000,0.0000,2025-august:0|2025-september:0|2025-october:10|2025-november:10|2025-december:10|2026-january:10|2026-february:10|2026-march:0|2026-april:10|2026-may:0|2026-june:10|2026-july:10,generic_query_inside_local_geo_target,2026-09-03
Edinburgh,broad_discovery,things to do,things to do,things to do,,5400,LOW,12,0.2948,0.8425,1.9331,2025-august:8100|2025-september:6600|2025-october:6600|2025-november:4400|2025-december:3600|2026-january:5400|2026-february:5400|2026-march:6600|2026-april:6600|2026-may:5400|2026-june:6600|2026-july:5400,generic_query_inside_local_geo_target,2026-09-03
Edinburgh,broad_discovery,events near me,events near me,events near me,,70,HIGH,100,1.3878,0.1303,0.7701,2025-august:140|2025-september:50|2025-october:50|2025-november:70|2025-december:50|2026-january:40|2026-february:40|2026-march:50|2026-april:50|2026-may:70|2026-june:90|2026-july:50,generic_query_inside_local_geo_target,2026-09-03
