risk_area,affected_formats,observed_trigger,minimum_pre_sale_control,go_no_go_evidence,evidence_class,source_ids,source_urls,observed_at,limitation
Venue and crowd safety,All in-person formats,"The organiser retains safety duties; safe capacity depends on circulation and exits as well as floor area, and responsibilities may be shared with venue management","Document organiser-versus-venue responsibilities, safe capacity, emergency and incident plan, access information, named competent lead and post-event debrief","Signed venue pack, activity-specific risk assessment and confirmed capacity before tickets exceed the safe limit",official regulator guidance,"S198","https://www.hse.gov.uk/event-safety/|https://www.hse.gov.uk/event-safety/venue-site-design.htm",2026-09-03,"Control is a research recommendation and must be tailored by a competent person to the event and venue"
Licensing,Dance darts wine tasting sip and paint and any event involving alcohol music regulated entertainment or late-night hot food,"A Temporary Event Notice may be required for licensable activity at unlicensed premises; the current route is limited to fewer than 500 people and no more than 168 hours, costs £21 and normally needs 10 clear working days","Prefer a premises whose licence explicitly covers the planned activity and hours; otherwise identify the responsible individual and TEN deadline before launch","Written confirmation of premises-licence coverage or accepted TEN, plus the venue's alcohol and age-control procedure",official government licence guidance,S199,https://www.gov.uk/find-licences/temporary-events-notice,2026-09-03,"Whether a particular event is licensable depends on the activity, premises, exemptions, hours and local authority interpretation"
Food and allergens,"Wine tasting, retreats, cooking and any ticket including food or drink","Food businesses must provide allergen information and use safe handling practices; venue, caterer and organiser roles can otherwise become ambiguous","Name the food business responsible, collect the current ingredient and allergen matrix, disclose how questions are handled and prevent unsupported free-from claims","Supplier documentation, service plan and pre-event attendee collection for declared allergies",official food regulator guidance,S200,https://www.gov.uk/government/publications/allergen-guidance-for-food-businesses,2026-09-03,"Guidance applies differently across UK nations and does not replace activity-specific food-safety advice"
Ceramics exposure and firing,Pottery painting and pottery workshops,"Dry glaze and colour preparation, spraying and other pottery production tasks can expose workers to hazardous substances including respirable crystalline silica","Use ready-made bisque and premixed brush-on products for public sessions, retain safety data sheets, prohibit dry powder mixing or spraying at the event and outsource firing to a competent studio under written terms","Partner COSHH controls, safety data sheets, breakage policy, collection timeline and firing liability in writing before sale",official safety regulator guidance,S201,https://www.hse.gov.uk/coshh/essentials/direct-advice/ceramics-silica.htm,2026-09-03,"A paint-your-own-pottery session may have materially lower exposure than industrial production; a competent assessment is still needed for the actual materials and work"
Customer cancellation and event failure,All dated ticketed formats,"Specific-date leisure services are generally excluded from the standard distance-contract cancellation right, but that does not remove duties where the service is cancelled, materially changed, faulty or misdescribed","Show the exact date, inclusions, age and access limits, transfer/refund/reschedule policy, minimum-attendance cancellation rule and refund timing before payment; ring-fence cancellation liquidity","Reviewed customer terms and enough unrestricted cash to refund every unperformed event","legislation plus government implementation guidance","S203","https://www.legislation.gov.uk/uksi/2013/3134/regulation/28|https://assets.publishing.service.gov.uk/government/uploads/system/uploads/attachment_data/file/429300/bis-13-1368-consumer-contracts-information-cancellation-and-additional-payments-regulations-guidance.pdf",2026-09-03,"This is not legal advice; the exemption and remedies depend on the contract and facts, and rules may change"
Accommodation and retreat packaging,Spa yoga wellness and destination retreats,"Combining two or more travel services for the same trip can bring a product within the Package Travel and Linked Travel Arrangements Regulations, with information, liability and insolvency-protection obligations","Obtain specialist review before bundling accommodation, transport or tourist services; at the prevalidation stage prefer refundable deposits and a clearly defined partner structure","Written legal and insurance position, supplier contracts, insolvency-protection route if applicable, rooming list deadline and cash exposure schedule",official government business guidance,S202,https://www.gov.uk/government/publications/package-holidays-complying-with-regulations-guidance-for-businesses,2026-09-03,"Not every retreat is a regulated package; applicability depends on the services, sale structure, duration and other statutory conditions"
Insurance and supplier liability,All formats,"Venue owners and councils may require public liability cover, while activity exclusions and supplier cover determine whether the policy responds","Get an activity-specific quote, disclose alcohol, dance, sport, ceramics and overnight elements, meet the venue's indemnity limit and collect facilitator and supplier certificates","Bound policy wording and certificates accepted by the venue before non-refundable commitments",official government and council guidance,"S204|S205","https://www.gov.uk/government/publications/can-do-guide-for-organisers-of-voluntary-events/the-can-do-guide-to-organising-and-running-voluntary-and-community-events|https://www.birmingham.gov.uk/info/50014/information_for_event_organisers/2975/event_planning_and_safety/2",2026-09-03,"The voluntary-event guide is not a commercial insurance quote; legal compulsion and required cover vary by venue, landowner, council and activity"
Working capital and minimum attendance,"Pottery, sport, spa retreats, residential retreats and any event with committed materials or room inventory","Illustrative economics show break-even ranging from roughly 46% to 78% fill before VAT, central overhead, founder labour, insurance, tax and failed-event losses","Set a kill date before supplier cancellation penalties, require paid bookings or refundable deposits above direct break-even and do not spend the refund reserve","Signed supplier cancellation schedule plus paid pre-sales above the event-specific cash break-even",derived scenario and management control,"S176|S178|S179|S183",https://www.emyoga.co.uk/yoga-retreats/summer-yoga-retreat-weekend-2026/,2026-09-03,"Break-even percentages are illustrative model outputs, not observed operator economics"
Host conduct and solo-attendee trust,"Darts, dance, games, tasting, workshops and retreats","The proposition depends on strangers feeling safe enough to attend and return; search volume and a full room do not measure conduct, exclusion or incident quality","Publish conduct and escalation routes, train hosts, record incidents and offer a named contact who is not the facilitator where practicable","Observed host rehearsal, incident log, post-event safety question and no unresolved severe issue before scaling",research recommendation,,"",2026-09-03,"No format-city incident benchmark was available; the control is deliberately conservative"
