launch_cell,geography_method,selected_intent,selected_keyword,average_monthly_searches,average_cpc_gbp,economics_model,model_fill_basis,direct_contribution_per_attendance_gbp,assumed_attended_events_per_acquired_customer,illustrative_lifetime_direct_contribution_gbp,acquisition_share_of_lifetime_direct_contribution,illustrative_max_cac_gbp,required_click_to_booking_rate,cpa_at_2_percent_conversion_gbp,cpa_at_5_percent_conversion_gbp,cpa_at_10_percent_conversion_gbp,verdict,selection_rationale,evidence_class,assumption_warning,observed_at
Manchester — darts,explicit_city_query_under_uk_target,event_booking,darts events manchester,20,0.6139,Social darts league night,90%,6.20,4,24.79,50%,12.40,5.0%,30.70,12.28,6.14,Plausible at 5% click-to-booking only if the assumed repeat attendance is achieved,Closest phrase to a dated paid event; the season model assumes four attended sessions from one acquired customer,Google Ads historical metric combined with an illustrative retained-purchase scenario,"CPC is a historical auction metric, not a bid or traffic forecast; contribution uses an assumed 90%-fill event and excludes VAT, central overhead, founder labour, insurance, tax and failed events; repeat attendance and 50% acquisition allocation are assumptions",2026-09-03
Manchester — darts,explicit_city_query_under_uk_target,beginner_or_adult,darts club manchester,70,0.9884,Social darts league night,90%,6.20,4,24.79,50%,12.40,8.0%,49.42,19.77,9.88,Requires unusually strong 5–10% click-to-booking and the assumed repeat attendance,Larger club-intent row tests the repeat/community acquisition route rather than one-off venue discovery,Google Ads historical metric combined with an illustrative retained-purchase scenario,"CPC is a historical auction metric, not a bid or traffic forecast; contribution uses an assumed 90%-fill event and excludes VAT, central overhead, founder labour, insurance, tax and failed events; repeat attendance and 50% acquisition allocation are assumptions",2026-09-03
Birmingham — salsa,explicit_city_query_under_uk_target,repeat_programme,salsa classes birmingham,320,0.6260,Beginner social-dance night,90%,5.13,6,30.78,50%,15.39,4.1%,31.30,12.52,6.26,Plausible at 5% click-to-booking only if the assumed repeat attendance is achieved,The strongest explicit commercial row; economics depend on a six-session pack rather than one drop-in,Google Ads historical metric combined with an illustrative retained-purchase scenario,"CPC is a historical auction metric, not a bid or traffic forecast; contribution uses an assumed 90%-fill event and excludes VAT, central overhead, founder labour, insurance, tax and failed events; repeat attendance and 50% acquisition allocation are assumptions",2026-09-03
Manchester — wine tasting,explicit_city_query_under_uk_target,event_booking,wine tasting events manchester,30,1.0005,Partner-led wine tasting,90%,10.44,2,20.89,50%,10.44,9.6%,50.02,20.01,10.00,Requires unusually strong 5–10% click-to-booking and the assumed repeat attendance,Direct event intent; the model assumes a second themed tasting during the measured relationship,Google Ads historical metric combined with an illustrative retained-purchase scenario,"CPC is a historical auction metric, not a bid or traffic forecast; contribution uses an assumed 90%-fill event and excludes VAT, central overhead, founder labour, insurance, tax and failed events; repeat attendance and 50% acquisition allocation are assumptions",2026-09-03
Manchester — wine tasting,explicit_city_query_under_uk_target,group_or_corporate,corporate wine tasting manchester,10,2.8740,Partner-led wine tasting,90%,10.44,2,20.89,50%,10.44,not_estimable,not_estimable,not_estimable,not_estimable,Too thin for a dependable forecast: use only as a directional phrase test,Tests whether consumer-seat contribution could support corporate search; it does not model contract-level B2B value,Google Ads historical metric combined with an illustrative retained-purchase scenario,"CPC is a historical auction metric, not a bid or traffic forecast; contribution uses an assumed 90%-fill event and excludes VAT, central overhead, founder labour, insurance, tax and failed events; repeat attendance and 50% acquisition allocation are assumptions",2026-09-03
Birmingham — board-game events,generic_query_inside_local_geo_target,event_booking,board game events near me,10,0.0000,Hosted board-game night,90%,3.78,4,15.11,50%,7.56,not_estimable,not_estimable,not_estimable,not_estimable,Not estimable: zero or suppressed CPC/demand is not evidence of free acquisition,No reportable explicit city event row; local-geo observation is retained but cannot be treated as incremental demand,Google Ads historical metric combined with an illustrative retained-purchase scenario,"CPC is a historical auction metric, not a bid or traffic forecast; contribution uses an assumed 90%-fill event and excludes VAT, central overhead, founder labour, insurance, tax and failed events; repeat attendance and 50% acquisition allocation are assumptions",2026-09-03
Birmingham — pottery painting,generic_query_inside_local_geo_target,beginner_or_adult,adult pottery painting near me,10,0.0147,Portable pottery workshop,90%,3.29,2,6.57,50%,3.29,not_estimable,not_estimable,not_estimable,not_estimable,Too thin for a dependable forecast: use only as a directional phrase test,Only a tiny local adult-specific row carries a non-zero CPC; it is too thin for a dependable acquisition forecast,Google Ads historical metric combined with an illustrative retained-purchase scenario,"CPC is a historical auction metric, not a bid or traffic forecast; contribution uses an assumed 90%-fill event and excludes VAT, central overhead, founder labour, insurance, tax and failed events; repeat attendance and 50% acquisition allocation are assumptions",2026-09-03
Birmingham — sip and paint,generic_query_inside_local_geo_target,event_booking,sip and paint events near me,10,0.0000,not_available,not_available,,,,,,not_estimable,not_estimable,not_estimable,not_estimable,Not estimable: no comparable delivery-economics model,The retained event-intent row has no reportable CPC and the prior economics set has no directly comparable delivery model,Google Ads historical metric combined with an illustrative retained-purchase scenario,"CPC is a historical auction metric, not a bid or traffic forecast; contribution uses an assumed 90%-fill event and excludes VAT, central overhead, founder labour, insurance, tax and failed events; repeat attendance and 50% acquisition allocation are assumptions",2026-09-03
Bristol — spa retreats,explicit_city_query_under_uk_target,event_booking,spa retreat booking bristol,0,0.0000,Partner-spa day retreat,90%,44.71,1,44.71,50%,22.36,not_estimable,not_estimable,not_estimable,not_estimable,Not estimable: zero or suppressed CPC/demand is not evidence of free acquisition,The explicit booking phrase returned no reportable demand or CPC; destination and practitioner-led routes need separate validation,Google Ads historical metric combined with an illustrative retained-purchase scenario,"CPC is a historical auction metric, not a bid or traffic forecast; contribution uses an assumed 90%-fill event and excludes VAT, central overhead, founder labour, insurance, tax and failed events; repeat attendance and 50% acquisition allocation are assumptions",2026-09-03
